ModuleVID,VariableVID,RowGUID
337,395001,"{E34E911F-137A-4F9D-840197EBBFE703F3}"
337,395371,"{BE1DEE7A-8F1E-498C-B975A171DC5D83F3}"
337,395372,"{4594DB0B-47D0-4B6D-BF53C4EA988174C9}"
337,395375,"{185CB273-966D-4414-AC24A8EF663EF8C5}"
337,395378,"{B8B6B771-7C34-4EDF-830347B640C04FC9}"
337,395381,"{D2D38D32-0E32-4B79-87604F163873A14D}"
337,395384,"{4583DBAE-C7D7-41AE-83C686B80A31D456}"
337,395388,"{F160A09A-87AA-4F26-B567CC48A80CADDD}"
337,395393,"{64157312-1310-463C-B656CCD7471CFA8B}"
337,395397,"{8FD64ECE-5CDF-4D85-AA660B7D3E5700D4}"
338,395002,"{BCBC3C87-5724-414D-AB69D202942B42D6}"
338,395138,"{21FD38B8-DA2E-4680-95E9573FAF979FF1}"
338,395145,"{DB2FDEF4-4D21-41B6-B0CA5F80E18B25E7}"
338,395148,"{CE79BBBB-326C-4063-99CEECD60680D8CC}"
338,395151,"{30EA608C-D5CE-4A25-8BF4390A73A55B20}"
338,395154,"{7033881C-0CC2-46B8-AA4F34340B5A4688}"
338,395157,"{20C4A19D-4524-4702-8B6B02046E34EF15}"
339,395002,"{16139A69-3A4D-426F-AEB4904B9DFC2027}"
339,395215,"{35E11CA0-F29E-4334-BDC3AFE7EBEAE654}"
339,395216,"{0AB6FD6D-4C12-473F-BF43153D64F18153}"
340,395002,"{D0A42D58-9F39-4B3E-9B1DDA218CDD7214}"
340,395160,"{BB89CFBD-14B7-4411-B9FA9687920C40DF}"
340,395163,"{5E392BB1-0C04-45D3-94241718184A82A0}"
340,395166,"{942A5F12-24F5-4980-A0F588D1BB99602C}"
340,395169,"{51EDA80F-6C9C-4833-A828179484DDF729}"
340,395172,"{EB6AA426-6644-4171-85474054F9B4CC58}"
340,395175,"{5AE76166-B393-4B34-85D56654B5C57341}"
341,395002,"{9F961164-4E63-4351-BEAE5E9F4120CF05}"
341,395095,"{A48756B0-729C-4723-A2D1D8C5EF816595}"
341,395096,"{0A81186C-C6D1-47F4-8741805B6D854311}"
341,395097,"{21019A86-8A79-4027-B195771DE9E8F394}"
341,395098,"{04EB9008-6609-4BB5-BD918DF0863256E8}"
342,395002,"{F3E5014E-4409-4923-8D461BCF4CD12F3F}"
342,395127,"{4D954B49-27B4-41EE-A712CEB54B264DD8}"
342,395130,"{BAB31774-9490-4916-8256FE409783316F}"
342,395134,"{24B03AB0-F920-4108-BC9182B65C612E95}"
342,395135,"{99BFCA42-ACC0-4BB2-BEF63D8A07ED7DBF}"
342,395136,"{20556095-12AA-4C68-A2088B8A7A090360}"
342,395137,"{C85012F0-43FF-48C8-9636F31075342A83}"
343,395002,"{49858995-72AF-462F-9E7EAB4FBF1D5106}"
343,395176,"{4E636961-9F09-4758-A1003F7388CB164A}"
343,395183,"{C9031E9A-AD9A-40E1-B583659AAF888D9A}"
343,395190,"{938DFDCE-9515-4F46-8A730D52F6C43016}"
343,395197,"{CFBD39F9-80A1-4093-90EA1AA59A5CBCF2}"
343,395204,"{211D37FA-0C12-46F2-BA61184211D01A45}"
344,395002,"{6F9F9E3C-447C-4C5A-A5538174A19BCC74}"
344,395003,"{120C6771-81F4-465E-8ADDDAD96CEC881D}"
344,395004,"{54D728C6-F7CD-4DB9-8E122845A609DE3E}"
344,395005,"{E06505E9-D615-448D-AB72D7919A249211}"
344,395006,"{601E0F37-2839-429C-890D621D42637278}"
344,395007,"{EAAE7B4D-96EB-4CFE-B76A6664E10B6A0C}"
344,395008,"{4AAF69A2-D130-41FA-8939CF9B58364FB0}"
344,395009,"{E632A227-402E-45A9-9A490C0D7E44CB8F}"
344,395010,"{DAD93FE5-B337-4201-83BEE3EDF2D96733}"
344,395011,"{129B65FB-0827-4624-825116F62884F0F1}"
344,395016,"{AD225C2B-F19B-4A3C-9B6FF3B6D6B50863}"
344,395019,"{3D4CC114-AECE-4119-8ACE849019D4FDBD}"
344,395020,"{0FFDD210-8A67-4558-99A3197D02D279B8}"
344,395021,"{8847A35A-ABB4-4FF7-94ED3FCAF20B20C6}"
344,395022,"{C45BAFB2-F1E9-4869-A17C60365FE86653}"
344,395023,"{26CEACDD-75C7-4976-9526676EA653688D}"
344,395026,"{9EE382A3-A856-4D9B-976EA3E3C72589D7}"
344,395027,"{3A305FAA-33BB-4BAB-AEC323E7EFF67A7F}"
344,395028,"{F5C4C56A-BD20-4C42-AA2BA4B059DFFBB8}"
344,395031,"{3BB99E21-9FEC-4C29-968D939A4868429C}"
344,395032,"{EDF6889A-2154-4B13-A11CCD09065C2A60}"
344,395033,"{3447EC47-D858-4047-93F16576B06773B8}"
344,395034,"{910D43BD-CFD4-4E25-AA09E472BD94481A}"
344,395055,"{3364B0BE-E76F-4D1C-996325A9DFCDAE13}"
344,395076,"{A7DB9CA4-84DA-4E60-9D02F31C11680CC3}"
344,395077,"{3B6EDE61-5305-4E81-A9DC75C67641C04C}"
344,395078,"{36395E38-DD51-499C-A7283012B7BEC6E6}"
344,395079,"{D1989293-8100-485A-91D5A2A9B9F77AD7}"
344,395080,"{D9E4ED2A-A827-49CF-991DA1B2F8B84BD3}"
344,395083,"{EBE4B68C-B1A3-4E79-B952D9D1D76C924D}"
344,395086,"{FDD7EA70-D4B3-4227-BD9119E1BA4855C3}"
344,395087,"{2558BB43-1E2E-40FE-B3ED85BAA417A4F0}"
344,395088,"{5756F185-233F-4625-B3692A0981FEC1AE}"
344,395089,"{CE37849A-66EF-4B26-93264C3928F32184}"
344,395090,"{526A9F14-0BB2-497F-A328BA696DB1F800}"
344,395091,"{B7AB630B-B384-4644-A777089774B299F8}"
344,395092,"{801083C3-D8CE-44FF-BE808E4BD17CC891}"
344,395093,"{EF9AE274-C048-4DD7-88DDA92A1F8978E2}"
344,395094,"{CDB0A07E-6F26-45E1-877C30BEC10B5A46}"
344,395099,"{65A10712-6158-47F9-BE7F1D727874B872}"
344,395100,"{252C725C-FF98-4F6F-AE3E1CA2D2573F0F}"
344,395104,"{1A42D5BD-AA6E-4B28-9F0A4D2CF87F520C}"
344,395105,"{16408761-A524-4F17-A33E116A869D2B2D}"
344,395106,"{0E56DD7D-9E0A-4F14-A56AFA490E539437}"
344,395109,"{C9D443EF-B7D4-4CBB-AB19AF9E0B88E2C5}"
344,395112,"{1DC8F8EC-570C-4B3E-A3A92A1DC5C23E56}"
344,395113,"{D63BCBE9-88DE-419A-B7301D3E69A3D2E5}"
344,395114,"{357BCB36-E13F-44BC-84B1D3CC8303A4B6}"
344,395115,"{31F27AA6-A6D7-4ED7-8C309A8BCDC1E0F5}"
344,395116,"{D7AC46F9-CF7D-48D6-8AECEB3ED9CDC3B8}"
344,395117,"{1BF42301-FB32-4079-BC5B896914B33685}"
344,395118,"{BBD56F10-B2F2-4161-99C581101F619202}"
344,395121,"{655E9823-9206-43DB-BF18EF50810E2464}"
344,395122,"{3289CC3E-3698-4EC6-89807C491D33AAFA}"
344,395123,"{AB6E0EDA-B9A2-4892-9FAD242EC0B2A1C9}"
344,395124,"{78D3F147-4184-411A-AB1339E8DF7E2C65}"
344,395125,"{38514872-64C3-4DB1-B55B77F1D250BF6D}"
344,395126,"{8A58B8AD-39B1-40AA-B2182FF3615BF960}"
345,395435,"{CD109ACD-05E2-4E07-BA42BDFBD6FBDE0D}"
346,395087,"{DDE42C3B-8FA7-4C38-BC4A524D3B2E7B34}"
346,395088,"{D69B81D5-FEEE-4C7D-AF75E1B908B04637}"
346,395089,"{DF7A0614-3647-4A3A-9A6E17998CCC1C2D}"
346,395090,"{2EF2FD0B-A81E-4EAD-B6959A9BC26F4999}"
346,395091,"{618DE883-2F42-4F11-A45DCA631EE3FDA8}"
346,395092,"{57486BF2-A0E6-4006-960FAFC818534023}"
346,395093,"{A50F13E1-4A1C-4C36-A98CB83A16A057B9}"
346,395094,"{13FC6961-8060-4C87-92DC1C84A97E9754}"
346,395112,"{725E17BE-DB5E-4A24-B4F4DF6F94DDA14F}"
346,395436,"{A3CD8147-7DA1-4B40-A6C4A90FB2D5FDFB}"
346,395438,"{B86EACE6-B4C0-4AD5-9D572729A88DBD20}"
346,395439,"{D9FB203E-CF70-415F-BAAD9DCD48636050}"
346,395442,"{53E3C26A-39AC-40F2-BB03ACADB1D52DA5}"
346,395444,"{B236672F-39AA-4C85-B1F6650F5082046C}"
346,395445,"{69AB4152-1C5A-4AC1-BB7143EF1009A75B}"
346,395446,"{85EBA458-0D36-433C-B084C444A983F1AF}"
346,395447,"{D8DE0146-A73C-40E8-9B30EA79193CD0BF}"
346,395448,"{E93A96D1-45CB-4F86-89096B5C0D36043B}"
346,395449,"{E29537A5-1869-4076-9E8705C06A4B2746}"
346,395450,"{BFA35CA9-CC6A-4E09-B6292966CFA7A2BF}"
346,395451,"{9AF7B3E3-3253-4CE2-A69B57E4FF0144D1}"
346,395452,"{329B8859-25C8-492E-83AC85090DDDD950}"
346,395453,"{3E81CF27-AF6A-4C1B-B8E3B3461E539F22}"
346,395454,"{CF405A2E-9A3E-4465-89AE12CBE5EE0603}"
346,395455,"{1D2372E6-9ABA-4A6E-97A6648C39C8105F}"
346,395456,"{B04BD753-1282-4F55-863ED5AE9448EC51}"
346,395457,"{4A8EA7F5-CE3E-4C88-B216A22BD1BD58CC}"
346,395458,"{4EFA48FE-D747-4571-9BD2AB9BA358C3EB}"
346,395459,"{AA3B7C40-6BC9-491D-A8E4D48AB80325FC}"
346,395460,"{CABC9200-33E4-45D7-B39080BDA9F57D4D}"
346,395461,"{419DEC3E-2FFC-4D74-BF73C70221C2D7DD}"
346,395462,"{900FEDDE-EA90-4C37-A6A9AF6729D6F159}"
346,395463,"{4751E9A7-D137-4E86-967BB29A1EC98501}"
346,395464,"{2BA073B6-77D8-48F3-8AC563BCA6C3F395}"
346,395465,"{DB767465-7856-4FFB-B69966DD2DDC7EB2}"
346,395466,"{F8B9E054-3E4D-41B6-99BB71A9DC3CDDC9}"
349,395437,"{BCAE3779-ABBE-4A35-903A3C05405AF905}"
349,395440,"{EC715B97-A89E-4798-B70C85A10EAFEDF5}"
349,395441,"{1C1CA206-42E1-4BC9-8C12C7DC68F80542}"
349,395443,"{937FD6F6-A0A3-42B8-BF0FA4B19C2F068C}"
349,395445,"{90034C0C-05F3-46DE-833E1EE8B5764492}"
349,395467,"{DFD0AA10-4685-4A14-87A162599A7066B2}"
352,395470,"{8965379A-8F47-47CF-B41FC0EEFB6239A1}"
352,395471,"{31E2EBDD-F2CD-4B78-938D88A0E011637D}"
352,395472,"{F3364E84-51E9-4F15-8A29316B5F2D4901}"
353,395468,"{7EEE2921-496F-4B7A-B7271FA6E655BB78}"
353,395469,"{C628C71A-6E98-4B82-B71891790C56F2C3}"
355,395249,"{8B5D2C81-2256-487B-9DC9190C7C576AED}"
355,395416,"{67BC3077-C6F6-4A43-BD160729D1844BBC}"
355,395417,"{7151A1B5-8881-40FE-89DE3ECBD6EC9796}"
355,395418,"{09F28CAB-E07B-451F-825DB3375E9F4D94}"
355,395419,"{21901C1A-37CB-4480-B2EE1B7C20A6B49B}"
355,395422,"{C63E3104-2B7A-4F19-9877E09C763639B7}"
355,395423,"{53C48AC4-5DED-4424-B3452E4467D640E1}"
355,395426,"{D3135F35-7C42-43A1-920061BFCF7E0692}"
355,395427,"{4DDDC10D-6003-46C0-A5D9FCE05FDC5C4C}"
355,395430,"{056AC3B7-7E71-4B6F-924965515E677153}"
355,395431,"{96BDAA76-DAD3-440E-9BE20D55795E1522}"
355,395432,"{52BB8798-C23B-4A51-9A426933DD30FE2C}"
356,395250,"{542FEDA7-F37C-4A5E-93ED90FF6C41EC50}"
356,395251,"{1971C1C0-EEA5-4455-A95FD4785B041CCC}"
356,395252,"{5D15B602-FACF-41C9-840D54495583C389}"
356,395253,"{FC607FAC-8F23-4AE7-9E9AE07A3FD4C525}"
356,395254,"{99ED8DF8-2D91-48C5-9188B49C1785263D}"
356,395255,"{85F34288-285E-4B8C-8FA25125A2440B71}"
356,395256,"{F57DFD59-0BC3-4D03-B3288ECAE219D54E}"
356,395257,"{A019C0C5-0CC0-4DC0-B3E020A9F6AEF246}"
356,395258,"{AA6709D4-F6BE-499E-B4D5A09D36515ADD}"
356,395259,"{8F05158F-E7DD-45E9-81EE07FE99230A2E}"
356,395260,"{278C0917-DBEF-46F7-8EC9EB056D3C0C13}"
356,395261,"{4104F182-70A7-48B6-8327806685964B4B}"
356,395262,"{42236CD9-A751-435D-90502598C55B0EEC}"
356,395263,"{A5EB44CD-99B2-4A5A-92BB2A703C1F7765}"
356,395264,"{E416771D-9D3C-4192-9CC83FFDEBA1D60D}"
356,395265,"{9E5363EF-307D-4EC6-A8F74EED87FA11CA}"
356,395266,"{36309339-C93B-4B84-9FE25E312964AF34}"
356,395267,"{4AD2109A-9580-447C-B8E640A4129F12E7}"
356,395268,"{A5406AE6-5932-4D08-9726F3F860B088C9}"
356,395269,"{E623AD57-7775-4F21-A75DD43EFA3A09F6}"
356,395270,"{B8323403-BA47-4E86-AC052DD749142694}"
356,395271,"{E09F2770-0130-4EDF-83B125A8EC91F23A}"
356,395274,"{FB870AD0-9398-4EC2-9F7A35EB6251D204}"
356,395275,"{A66D2FAD-A3E5-4EC4-9144D47B4806A263}"
356,395276,"{8F740E36-AC5A-4676-9DF414D2E0B7B50A}"
356,395277,"{F3914D68-2B04-487E-B36869DC38ACCE5F}"
356,395278,"{C1C8DC14-837F-429D-A3516CB5107451A6}"
356,395279,"{FFEDF602-F323-40EF-8423B58B5EA76259}"
356,395280,"{D35F10B9-FCFD-448F-B007864896486F58}"
356,395281,"{8D6FB913-B205-42A0-9E921543A6DF170E}"
356,395282,"{07BDA7D8-07F9-4FCC-A29F3C2A86785474}"
356,395283,"{D514B956-103E-49A2-A223235CED7A4484}"
356,395284,"{341BD731-6CAC-464C-B4D0EABAA505F055}"
356,395285,"{DABD1969-168A-464A-BCF71C229FA94F89}"
356,395288,"{4E8B0516-F37E-4FEF-BFE19CB88AAAA514}"
356,395289,"{9ECB477A-0C28-4684-A49DCE5749D04801}"
356,395290,"{F9935174-287F-4774-A368CA88ACA79CD4}"
356,395293,"{35E2681B-8BA9-4E7B-8189FBCF0EC104C4}"
356,395296,"{6FFEBB34-01FD-4439-95DD94A007846F23}"
356,395297,"{9E9469B7-45FA-4D9E-960AF10BD845E16A}"
356,395300,"{267EE326-1A5D-48E3-A16E5FC2765E0F9A}"
356,395301,"{61C1E80B-7402-4073-89E157A937F4688C}"
356,395302,"{53F206AE-6E38-4AE3-A17A8E04914F361E}"
356,395303,"{94B2999C-2BF3-4328-A7A55C80FD03ECB0}"
356,395304,"{E6FAE1C4-F1E7-4ACE-9FDA8D7461004D7E}"
356,395305,"{791DBC20-B404-428D-93BF9341C8DCC6DF}"
356,395306,"{59EDEE03-B467-49E4-A95823C58D5523A6}"
356,395307,"{6388F300-50C3-4CF7-B4BF6B1F22826325}"
356,395310,"{78CA2E4F-B37A-44DA-8FEB46DD27B71934}"
356,395311,"{054FB900-42D5-4A14-813CABA017C917D2}"
356,395312,"{75B823A1-486D-4D80-8F73F356B4613DBE}"
356,395313,"{53D9422E-9A96-46B7-96B4C4CAFF9C50CC}"
356,395314,"{37E519B9-4617-4421-821CBC8ECA68DB2C}"
356,395320,"{DF526EFE-B998-4E56-B147EA6F44F858AA}"
356,395321,"{8454C9EC-4C7B-4457-9DE53388AD1C84C8}"
356,395325,"{A2682F4C-D8C7-4B5C-87FE21F4157C3632}"
356,395331,"{CB7CA316-BD3F-4124-B1A7983B52EF65B6}"
356,395332,"{2409FE70-F56E-4207-A48F1755C07644FF}"
356,395333,"{1578A239-6E5C-4A88-8AD8FF44FC12BA0B}"
356,395334,"{E26EB499-D4FB-48FF-821117365316799B}"
356,395335,"{E1C0F517-F982-4BB6-B1251023574CEC95}"
356,395338,"{CBEAD6FB-7213-4757-8FF2A63B5C3CB9A4}"
356,395339,"{BBE3EB51-E9BA-4BA7-87E10C02E966881B}"
356,395340,"{F4DA308D-0CAC-4E7F-A34037E318877442}"
356,395341,"{7B546635-42FC-4ADD-BECC6D79D4D2815A}"
356,395342,"{4BAAE7B0-4FCA-49B4-B4B96195EE3968C8}"
356,395343,"{D60B93B1-E8D0-4316-AF412C6D4393E462}"
356,395344,"{BDFB24EE-8C4C-43E2-BFF8FD25BF5D6FC5}"
356,395345,"{84B19209-EF65-4F9D-B432F210ACF73E1F}"
356,395346,"{344638AD-6E11-457D-BE877EF2373E6951}"
356,395347,"{5CB43919-B03A-492C-BAF7E3A281EA778A}"
356,395348,"{E2C85B0B-7296-4A2A-95CC736D97656439}"
356,395349,"{DACCA793-0A27-4D2E-A4E666DE9ACD9CCB}"
356,395350,"{E9DFC21F-3F95-4C9E-9F279FD29FEDE6AE}"
356,395351,"{54EDB954-4288-4221-ADE3FEF089C6E648}"
356,395352,"{5F981D03-4839-4C60-A27E3DF66030EB21}"
356,395357,"{A46A09CF-FBCD-46EC-B83303D64F5956C0}"
356,395361,"{1FEC5848-6DE9-45BA-A797D65D8311ED70}"
356,395364,"{3CAF631A-C8FA-4E27-955008BF0B38A20F}"
356,395367,"{0C48CDAC-8782-4EC2-AD5C50E4293E5274}"
356,395368,"{2BD25295-35AD-4F32-B1D370581139DA3F}"
356,395369,"{1DD1631F-E7E6-4FF7-B6205C8708806BAB}"
356,395370,"{EBB884A5-5CDF-4AFA-BBD6FE41F32C3F52}"
356,395401,"{8EB4FCA4-C37A-4C58-8C83E4CE643D3FFD}"
356,395402,"{7CA665F3-DC38-433D-AB4F025FE0C0FD02}"
356,395403,"{CB9ED27E-8B19-43D4-8D7F797EC307203B}"
356,395404,"{40871C1F-8B23-4F9A-99081FDFFFA3E43A}"
356,395405,"{BED58097-3B5A-43B3-9751BAC6A155AC98}"
356,395406,"{E96F2D75-F8E3-4139-90FB1B1654163537}"
356,395407,"{93C45AD2-49E3-4CB3-B08D6A038626FD64}"
356,395408,"{DFB36E18-BA51-42C4-9750A4BBF669234D}"
356,395409,"{48926451-7304-4605-A7503510A081E0B6}"
356,395410,"{E3228AAF-4976-4FBE-898F90BFC5B0A158}"
356,395411,"{E75B4AA3-E186-4C51-8C250EDF3FB1EB25}"
356,395412,"{EE288DC4-2527-4C35-AC29717028F03256}"
356,395413,"{893BB975-B7C1-40BB-9560C70F2390275F}"
356,395414,"{AEBC8AF9-B568-41A4-A1E8DC7AB70DD91F}"
356,395415,"{C89C967E-438F-4455-8BC450EBB3D4DB7B}"
357,395576,"{A3405AC8-A058-4D55-95E66E2868B582EF}"
357,395577,"{A76A7733-30E3-42E0-8BAA0261491A37D7}"
357,395578,"{7F54EF64-1A6A-41B6-A70FECDFF1C797BA}"
357,395579,"{7B0B36EC-84B5-4B39-B473BDDFF5BFA3E4}"
357,395580,"{85E5446A-6C24-405D-8C7C1E92E646BB9E}"
357,395581,"{41904EA7-6B60-4020-B50490F069EE76D6}"
357,395582,"{D10739E2-11B8-4763-959495CA33408117}"
357,395583,"{515D19FE-A151-4F1D-80BFE9D2566C5D05}"
357,395584,"{83C71449-14FD-4247-A5E426915A368F9F}"
357,395585,"{979136A2-FF11-4E43-A3644FC2C90EA443}"
357,395586,"{867AFC11-2066-49F2-85D5CB3FE6AC811D}"
357,395587,"{1B5C7FE5-C249-404E-B8B658A2B5BC28E4}"
357,395588,"{127D0584-4885-4A6A-8D09E23A1CA4FA80}"
357,395589,"{D44F6B59-3578-4C17-A881AD95D2EFB810}"
357,395590,"{332B60B0-77BF-45B2-937886527A49F4B0}"
358,395571,"{276C7B2B-7584-4C8D-A29BA24A1C301D00}"
360,395572,"{99DB7E87-DEDB-41A9-9991D3EF9F67DEE3}"
360,395573,"{D565A974-00E9-4D29-8A5418F371D99A65}"
360,395574,"{2A32C7DA-B91A-4B8D-BF73C51D5557CE60}"
360,395575,"{5B460B51-930F-4CDE-AA9BD406F52EC744}"
367,395673,"{4FF5029E-E38F-41AA-94933B86702A300A}"
367,395674,"{F90698C8-1A7F-401E-B92E3DB2F7CA5DC9}"
367,395675,"{FF9DBADF-5FDA-4F79-B03106804C7DD825}"
367,395676,"{E691515E-02B5-49B7-8FB105F65760320D}"
367,395677,"{3BBB9EA4-0D52-4B59-9AD6168EFA734E0D}"
367,395678,"{B9D89A36-7204-4E74-8592BD09EC75CC91}"
367,395679,"{FC0888A7-12B6-471C-A277E0B899F1D1C4}"
367,395680,"{17E55FA8-00A6-46A8-8D8C555705538B44}"
367,395681,"{778C55B9-CA17-4561-ADE4410EF2EA2699}"
367,395682,"{3525392E-A80D-4BC6-A36C8F2405B68AB5}"
367,395683,"{006669DC-1C9F-44BB-8EC666BFAAE73A46}"
367,395684,"{163E19F7-8755-4053-9B869FB7AB5AC3EF}"
367,395685,"{1E86D33A-0A02-42DE-B7DD4D35AE14C119}"
367,395686,"{AB264D5F-A8E7-43B7-8A0E8E77D5D11B58}"
368,395622,"{C0E7FA9F-6F72-40D6-B79DDE6EE3A46BEB}"
368,395625,"{2B95379F-E9B0-4F64-BF7DC0B1A9B6C2CF}"
368,395628,"{83035B37-8E65-4774-81381542B2C7D1BA}"
368,395629,"{2491EC4E-89E0-4FAD-B61A42D6970A85C2}"
368,395630,"{2BC2E134-71DA-465A-927AC42764DAA5D9}"
368,395631,"{80312CAA-D8B0-46EF-B0ADD62A53133963}"
368,395632,"{51AA0F65-E1C7-490B-A334147EA8944F0B}"
368,395633,"{E9DB8368-91C9-4E79-8494F49083B8E141}"
368,395634,"{F02F87B8-ECAC-4A54-BF40A3B596133691}"
368,395635,"{269B34A5-64AF-40B9-B91BF808E8EA837A}"
368,395636,"{B8E9DB22-8FB1-4E14-BA2963F3F0EE9EDE}"
368,395637,"{7EEF982B-4A92-4DB0-A6AED76F6703EA61}"
368,395638,"{D6E84DCC-85A4-46D7-99935051EF9FA4AA}"
368,395641,"{D93D4883-E6E7-4CBA-94200FD82548F67B}"
368,395646,"{A244614C-346A-427C-A6E00408F2C33DB2}"
368,395653,"{77E17929-7BDC-4F7B-BBE463C9148C7C99}"
368,395656,"{F2E966BD-4D10-4A00-9977178A290AA86B}"
368,395663,"{40AE5743-B2A8-4EFC-8FE5506F3F33C101}"
368,395664,"{0830363B-D272-4F99-815DAA25C80B7D0C}"
368,395665,"{207D64DA-CD22-4DF5-8FCB1CA187B6C61B}"
368,395666,"{C74C1AB9-4911-4A6E-AEE6490FD24402DE}"
368,395667,"{10BF3CF3-0201-49F5-8FC16F815F96D05A}"
368,395670,"{567013A4-DB74-4595-B28283C430F6A96E}"
368,395687,"{07CD5336-12B8-4BD1-8C25E75AE72F25C7}"
368,395688,"{982217DC-4600-48F3-B733A50CECADC374}"
368,395689,"{21ABAC9F-7AF9-4AFD-ADE22D6B743AC027}"
368,395690,"{AF34EAB5-0EB5-4CA2-92AB22A161921E31}"
368,395691,"{E4A5FE61-8518-4BE0-A3C7C695D5A5A65B}"
368,395692,"{32F3D7C8-056A-4FCE-81A5A9ABBCC64AD8}"
368,395693,"{D977846F-5131-47BA-A39C08CBFE49EAF9}"
368,395694,"{106839C2-FC8F-4D98-8537A78287B7DEB7}"
368,395698,"{5E1119E9-2384-409C-92FF411E3CC2CFB2}"
368,395699,"{D25EC7FC-7EBE-46B5-9F114C9A70BD1FB6}"
368,395700,"{DA85A800-3926-44EB-BE1F02ED4750A556}"
368,395701,"{2E504E52-66F6-43C9-A184CAFF9902147B}"
368,395702,"{EBDC8EE3-5817-4B6B-BF2CF413902B6616}"
368,395703,"{89E8C59A-2859-41EE-995FA1D26A0D1FCD}"
368,395704,"{F2FE1CF0-85EC-43F7-A4523396058BF85E}"
370,395591,"{6CF837D6-D9DB-4969-A109E1F16EA799CA}"
370,395592,"{4F23CE7B-757A-439D-AD9C49202920E8C6}"
370,395593,"{A0C9A9E4-1F48-4EE1-B2A1332A6130B239}"
370,395594,"{242B508E-F11A-4EE7-80F1744B88A6F6B6}"
370,395595,"{66279075-27D1-48D8-A552C5FB343247C4}"
370,395596,"{3660B0EF-1ACF-4C48-B4011AED9140CB87}"
370,395605,"{C30C335E-E62E-4C56-8B8E0BC2F06C9F1F}"
370,395606,"{84E58803-2E95-406D-9DC3721408340DEF}"
370,395615,"{48A751AB-10B5-4D82-B8C45DBE2F811EEF}"
370,395616,"{CCDF1A90-4ECB-4F14-B0EA7096B6A80E01}"
370,395617,"{FE6803FB-7BD7-4387-8211E953911446AD}"
370,395618,"{902A598D-7AF8-43D2-A2A2ECBDC8787880}"
371,395607,"{798ED7F8-0215-4E67-AB829F63256E341A}"
371,395610,"{97B42BE6-3C52-4B28-A5AF13A037D9E610}"
373,395597,"{8BE2624E-662D-4F8B-8F0E33340E66C892}"
373,395601,"{2702F066-DC68-4B3C-BB71B8251BBDD848}"
374,395614,"{E876CE41-8E10-48BD-B4ED35C1F4B645C8}"
375,395613,"{FE37E6FF-5653-4D76-843D2EA9803FC842}"
376,395217,"{5FE8FD78-1159-4C50-A533708BB8DA5297}"
376,395218,"{3CC7CA7E-A811-4999-B9693CE44D180345}"
376,395221,"{2A083B59-A449-4CC4-8D91CDBB0E6214A6}"
376,395222,"{90ECD889-63B8-485F-8DBB1DA291FABBA7}"
376,395223,"{A9B4801E-0A15-4B18-A7A0575EA19AF8A6}"
376,395224,"{9C61AE37-65BB-4FF7-90505FB0FA77381E}"
376,395227,"{289284CC-A319-49F6-9CD783125CD98D68}"
376,395230,"{B27A0DC6-203D-4CA0-AE5D6985DE664D2B}"
376,395233,"{F2B6FEF5-9005-4123-BD17A0FFB74F222F}"
376,395239,"{DCD96776-B62D-4FA6-91C3C535474296E8}"
376,395240,"{D312AFA3-BD7A-433A-9D020A6D6A884652}"
376,395245,"{B189F124-0D05-4168-BD963A2350F125A5}"
376,395248,"{4F88B7CD-3734-42AC-AD5A6B0590864C0F}"
377,395671,"{F6F4D48E-24E8-4F07-B8DD6CA6674E7E01}"
377,395672,"{1C747293-B2DC-4022-9C4CEE867FCE1FA5}"
379,395496,"{2AB2B2A1-4734-45B6-8BDFE29C709D9751}"
379,395499,"{70973BC8-0A1C-43EC-A3C48E404CC2DA95}"
379,395502,"{89843A5F-AB11-410B-A3C2D197E90BF84E}"
379,395503,"{519B2DED-A69B-4F40-99B15B77FB6430D2}"
379,395504,"{0F6B2366-F657-41B1-BEF8276C90BEE752}"
379,395508,"{73E3B565-8DA1-4C50-9DCC8A98F807A400}"
379,395511,"{8FCFC703-F24A-4744-A00C5DC650610505}"
379,395512,"{22670A55-39F2-419B-9AA71C35CE83E7A9}"
379,395513,"{B9CBAFD7-BE7C-4994-B5919EEE3BD9DFE1}"
379,395514,"{38E32FDB-7D41-471C-AB25562D48335277}"
379,395556,"{03C0D81C-C86C-4C6F-91657BF17EA80B5D}"
379,395560,"{0744DF57-F8DF-4702-AAA14CD5DC0BC03E}"
380,395524,"{2C2103AA-001B-4878-9D708116297E7A52}"
380,395525,"{C3A85630-3BB4-4970-84FD5D6C255AEB69}"
380,395528,"{9DEEB35A-B564-48D9-B7964C43ABA54C96}"
380,395529,"{33ABF423-693E-4B71-8033D01025AE12BB}"
380,395530,"{B3488F43-49E4-4293-8A05DAFD25D0CF1F}"
380,395531,"{9CF1D255-A7E1-48D0-8B7A3AF798766860}"
380,395534,"{57F13DF3-31FF-4EDF-9D68E17BD1BD5DA5}"
380,395537,"{9FB2C63A-2D4D-4561-8C55A97E708B485D}"
380,395540,"{4E0BCD62-73AD-4DE4-B3DFEC8959919AF4}"
380,395546,"{1ABB64A8-508F-4794-B372E09518E841B0}"
380,395547,"{56EA6382-212D-4ED5-BD192D94EA0F84E7}"
380,395552,"{38FD8B05-03FF-4EE2-B44D503B91279CCC}"
380,395555,"{CD78B9A5-ECDE-4DCD-914BB793187DCC31}"
381,395505,"{C414C05F-23AB-4167-AD0B4B8170292710}"
381,395506,"{5AC34DAD-BE71-4E18-BA5F46025525D4DD}"
381,395507,"{7523C9BE-D95D-4A47-BE9A144D792A2B51}"
382,395517,"{D853AA29-5583-40FF-AC23082FE6841DEC}"
382,395518,"{6B477BBC-B6BD-4214-BD314EFB2B593995}"
382,395519,"{78BB3D28-333A-462F-99D659F98D5B8DC5}"
382,395520,"{9A9FB991-306E-45D5-97C1EEC4DB8F9FB6}"
382,395521,"{714AB4EC-AC81-4768-ADE6073A56F9B664}"
383,395041,"{0FABD343-8B3E-46F1-83B9662CD66BED00}"
383,395042,"{A187F43C-8FA4-4AF5-96BE8A62E0A5C1AB}"
383,395621,"{1909299E-7165-4B43-8C790BF55E0F056C}"
384,395035,"{613F2F56-F24F-42FF-BD81DE0075EFF47A}"
384,395036,"{CACABCD4-F23C-4DB1-8F08A4E09B8BAB94}"
384,395037,"{0137D3C1-B028-4157-915DB990D8454581}"
384,395038,"{CD6AA97B-D814-4468-AE481D142506B272}"
384,395039,"{EB27847B-3E83-438B-B629F8A5B76C8595}"
384,395040,"{EA9DEC22-DD92-4256-9F22491827805E00}"
384,395621,"{2B525B50-409C-4662-A5C73A414A12078C}"
385,395063,"{53FBC633-B9FB-475E-8BFAEA3857E902C6}"
385,395064,"{5AD094D1-DAA9-4449-8790E234471F64D3}"
385,395065,"{89B9AFC3-397B-4DE2-A69F96912DD405F3}"
385,395066,"{36D2C886-503E-462B-BA32EC32D4A73981}"
385,395067,"{8AEF2A81-2477-446E-A195EB1F72761199}"
385,395068,"{A9D5AE5A-6DF3-4273-B723266C1ACD623C}"
385,395069,"{134B9578-6C81-4F9E-A3E26558E0C3D665}"
385,395070,"{0C094C9E-B51E-4CEF-98C9165739201A33}"
385,395621,"{7D2C99DD-FFE0-4824-9F6DCFFEAC18DF72}"
386,395043,"{785CC9C6-A64B-421D-BAEF806C4B3D1733}"
386,395046,"{D6A302FC-0671-45B0-B525EECC8BA086B2}"
386,395047,"{4F37C8D4-E554-4536-A68A2D1CEF9067BC}"
386,395048,"{C143ED1F-CA04-4C69-BC67D21C3FCB753D}"
386,395051,"{367DEA84-096D-48D8-BDA978353411CFBF}"
386,395054,"{7948CAED-D747-4647-854D96B03B19B8FC}"
386,395056,"{D76F8D7E-C53B-4D75-B6E677B3D2C33CF4}"
386,395059,"{07A99627-364E-4935-836EDE27D4D77F15}"
386,395062,"{1E1AFFB3-9F2E-4E90-B399089ED50A47DD}"
386,395071,"{34EF3727-E376-47C8-BA065AA1A4C29087}"
386,395072,"{2963F540-3EA1-45CD-A842F74B3A203A08}"
386,395073,"{5E75DB5C-E8CA-4809-ADC58AAF6C410CFC}"
386,395074,"{B6321A85-0350-46A3-91E3D589592962DC}"
386,395075,"{8C9AD4DB-3400-4866-A1C297F969C4AAD4}"
386,395621,"{EAA97AC8-52E5-4612-ADE353D8ABC91081}"
388,395473,"{0576B1A9-1356-4EBA-B0CD59A3A4416705}"
388,395474,"{764924DC-394C-4105-96A146676FA747EB}"
388,395475,"{C6714057-E86A-4579-9A440AE7A9B45E4F}"
388,395476,"{B815E2DE-E0F8-4673-88C28ECDC693AEF9}"
388,395477,"{BE015729-4DD7-40F9-8FCEB59FAE8C96FC}"
388,395480,"{30F80E77-9BFB-4F45-B7222A197ADBB894}"
388,395483,"{9B7AF407-780E-4533-96834D858C1060AF}"
388,395486,"{F281506F-AB56-443F-83EA8E9B60A2EC58}"
388,395489,"{90DA25F7-CA14-4EB9-872BC202B81E3F2F}"
388,395492,"{DAA0A763-32EE-4EFB-9162E774A4091C2C}"
388,395493,"{EF59754F-FB01-483E-92929D1EC2140061}"
388,395494,"{4E540ED9-F8A4-4939-98581897643F3D5E}"
388,395495,"{23A2BEF5-EFEC-4517-80C95BC17A608D1B}"
389,395561,"{8D74BD4D-43AC-48CA-8DFCB527512705FD}"
389,395562,"{601B1358-691E-4629-AA826CB4179566CD}"
389,395566,"{FFFBA912-63E6-4883-A56A3AC812010F46}"
389,395567,"{22359673-7E58-4B9C-A9173D9A48FB2FF8}"
389,395568,"{85FBC1D9-D5FE-4786-8435C96E664AD877}"
389,395569,"{269B7D06-8A39-406D-B649AC3D9C957574}"
389,395570,"{787B5A1F-96CA-47A7-AB73F31864C5B6A0}"
390,480226,"{5B09A98A-0348-4154-92EA40BBB69ACA56}"
390,480227,"{03E4C384-65E4-4636-94593D4DFA2181DF}"
390,480228,"{EE9B6DD3-8F0A-4F6A-BCBC5CFB51789FEE}"
390,480229,"{63EDADC0-3E4A-4FF3-BF5B4D6491D54F6F}"
390,480230,"{183174ED-740C-44D8-997E53A6AFA111AE}"
390,480231,"{C0FCBA94-6D77-41E6-A19BC557D18275F4}"
390,480232,"{8254763B-7FDC-467B-A54B19C60300FB7D}"
390,480233,"{FE26097E-1D61-4F2A-A23E5D92BAA956EA}"
390,480234,"{CDD1670D-51FC-4A7C-AD7837364AA0F9D8}"
390,480235,"{57602268-AB65-46C6-9A89EC3D4B6EDEFE}"
390,480236,"{FAFEF6E6-4282-427D-B58B1C113C9ABBC9}"
390,480237,"{C872F90B-F261-468E-800023C4AE6CA448}"
390,480238,"{3DAD30EB-0CD2-444B-980721FB623DB3E1}"
390,480239,"{8407119F-4CE4-4F6A-886F389DDA45C3A3}"
390,480240,"{CBD7611B-4CAD-4CAE-9F4DAF0E481F85CF}"
392,395002,"{57BBCA05-9769-4B4A-AA58BC38F4E82988}"
392,395215,"{2A435074-732F-42D5-AB1169DF83036EAA}"
392,480242,"{6784577C-B516-4BE0-9E90748FCD9CA35B}"
392,480244,"{2709B45B-B90C-43A4-9CABB3C4BBDC0C3F}"
392,480245,"{9413BFB2-58BA-42C1-8EE4FDF1F5C8F1AC}"
392,480246,"{373B16AF-E5A8-4B0E-9FAD750DB03DEC7A}"
392,480247,"{67E09C1B-4C2E-42D2-BE64C9E94E551C3F}"
392,480248,"{3C9FB2D1-3EA0-4512-BEB8EAFB818D7D0D}"
392,480249,"{DB142328-2649-4A9B-B3BA6A7C682D1A48}"
392,480250,"{E794B96A-2DD8-417C-B3AB4539FA6E5F28}"
392,480251,"{D794DCE2-D3A0-482C-8426F617BC1F440C}"
392,480252,"{F418AA16-6CE5-4529-97455441A525E433}"
392,480253,"{A2BE7F3C-099E-41F2-9AE964086AFF1DBA}"
392,480254,"{8BD2C8D6-5E08-41C8-A8A33A09DEE55FE6}"
392,480255,"{2290C369-107D-4A61-B25D71FE8A36BC6B}"
392,480256,"{B49F5860-09F9-4629-BB3991D10BF6FA88}"
392,480257,"{429F487D-30B3-4E4B-B4E1F6351CC8634B}"
392,480258,"{4A0966CD-DFB6-451F-81E3AA53084B555F}"
392,480259,"{F96374BA-28FF-40FF-B193F9DA41BE7C2F}"
392,480260,"{4C29E73D-AC02-40F1-A82A8BE400E733B6}"
392,480261,"{72FD35FE-0033-408E-AFC19B61CEE9BD0F}"
392,480262,"{130FBDFD-9919-4DAF-92B0F7712B55EFE2}"
392,480263,"{DDF22A54-4403-412E-864240DEBE6259E6}"
392,480264,"{A44F3F54-0DE3-48DB-859CF5B084AD6345}"
392,480265,"{5CC73A1E-5316-4429-8A7BB7A7437B2539}"
392,480266,"{AE002EED-DD0B-4119-B4F27C9FB9401557}"
392,480267,"{358C798B-CE9B-4D04-BB744F57ADE2E973}"
392,480268,"{8E944802-54E5-4626-8D99DE765D44124A}"
392,480269,"{FBB94059-B5E8-4DFB-8412089AA717A82B}"
392,480270,"{E7B6A6CD-5D5D-4DCF-866B33129BC55DD5}"
392,480271,"{CF557C44-25CB-4CC8-BBCB5402114ED118}"
393,480272,"{0928B488-6108-40B9-8EE773D0C6291942}"
393,480273,"{D3BE479C-8393-4E74-84021204C3338334}"
393,480274,"{4FFF9C5B-0EFC-4D47-B039E92A45D34FA8}"
393,480275,"{AF2D04A9-09A0-46D7-A5B701C8C56AF447}"
393,480276,"{F4C6AE10-3EEC-4F52-B62D9DB84C20D74B}"
393,480277,"{FD049B9A-6A23-43B6-B0673C11371F8B73}"
393,480278,"{99B5827B-EF3E-4AF3-991574E15E215BF5}"
393,480279,"{F717EA61-1EC4-4292-83ECA23468AF263B}"
393,480280,"{3F26C95F-C533-4BC7-B3A9606B65774A25}"
393,480281,"{0DA0C960-076F-418E-81AE60980A2535A3}"
393,480282,"{7B8E263E-053D-453D-B8671EE6688BC828}"
393,480283,"{F77B652D-4A0C-4FEC-AFC88CCF374898B7}"
393,480284,"{9CE4E763-79DD-4B65-887E49CA287A817F}"
394,480292,"{EC89D49B-8F40-4AC4-A3286947A413CED4}"
394,480293,"{4E781524-6303-4BCE-8CA117F004335B2D}"
394,480294,"{3CCEA346-0C14-49F8-AAB6526C742103A1}"
394,480295,"{DD9A9714-B171-4876-AB120C6294D0E540}"
394,480296,"{FB5D77DA-1ABD-4F5F-85AE934960FEEFEB}"
394,480297,"{604E581C-C81D-4A77-86235EB3ABDB0F27}"
394,480298,"{3D959844-A06B-4229-BCE8808692128A2D}"
394,480299,"{2507B7E2-DEF9-48AE-A6390629FA78B591}"
394,480300,"{C5B5DA35-CB06-4682-8A3F9F84580CED46}"
394,480301,"{13001BF7-B07B-4E20-827A522EDDAF23B7}"
394,480302,"{77EC3F96-03DE-4FF9-877BD19C9BFA3EA1}"
394,480303,"{9805D0F1-FBD6-456D-A1B2E80268E9072E}"
394,480304,"{38CC7E9A-3D81-4A0C-A707CD570BF2262C}"
395,395561,"{42343D82-6BC9-47C0-AD2FD83F5750C526}"
395,395562,"{A36829C0-6CA4-44F5-89A4201FE319BCE2}"
395,395566,"{62364F25-4718-44F0-A994E5A611083149}"
395,395567,"{4CAC4C0E-00F8-46B2-B19E08D2CD1A20E8}"
395,395568,"{514C9DDE-8F31-41AE-B9175B52067DAA4E}"
395,395569,"{2B5D8E9A-C170-400A-8009DD5DDB7ED178}"
395,395570,"{CDBEEB4B-B934-490D-A51462BF14B67CE3}"
396,395002,
396,395160,
396,395163,
396,395166,
396,395169,
396,395172,
396,395175,
397,395002,
397,395138,
397,395145,
397,395148,
397,395151,
397,395154,
397,395157,
399,395002,
399,395003,
399,395004,
399,395005,
399,395006,
399,395007,
399,395008,
399,395009,
399,395010,
399,395011,
399,395016,
399,395019,
399,395020,
399,395021,
399,395022,
399,395023,
399,395026,
399,395027,
399,395028,
399,395031,
399,395032,
399,395033,
399,395034,
399,395055,
399,395076,
399,395077,
399,395078,
399,395079,
399,395083,
399,395086,
399,395087,
399,395088,
399,395089,
399,395090,
399,395091,
399,395092,
399,395093,
399,395099,
399,395100,
399,395104,
399,395105,
399,395106,
399,395109,
399,395112,
399,395113,
399,395114,
399,395115,
399,395116,
399,395117,
399,395118,
399,395121,
399,395122,
399,395123,
399,395124,
399,395125,
399,395126,
399,487565,
399,487603,
399,487614,
399,487638,
400,395001,
400,395371,
400,395372,
400,395375,
400,395378,
400,395381,
400,395384,
400,395388,
400,395393,
400,395397,
401,395002,
401,395095,
401,395096,
401,395097,
401,395098,
403,395002,
403,395127,
403,395130,
403,395134,
403,395135,
403,395136,
403,395137,
404,395250,
404,395251,
404,395252,
404,395253,
404,395254,
404,395255,
404,395256,
404,395257,
404,395258,
404,395259,
404,395260,
404,395261,
404,395262,
404,395263,
404,395264,
404,395265,
404,395266,
404,395267,
404,395268,
404,395269,
404,395270,
404,395271,
404,395274,
404,395275,
404,395276,
404,395277,
404,395278,
404,395279,
404,395280,
404,395281,
404,395282,
404,395283,
404,395284,
404,395285,
404,395288,
404,395289,
404,395290,
404,395293,
404,395296,
404,395297,
404,395300,
404,395301,
404,395302,
404,395303,
404,395304,
404,395305,
404,395306,
404,395307,
404,395310,
404,395311,
404,395312,
404,395313,
404,395314,
404,395320,
404,395321,
404,395325,
404,395331,
404,395332,
404,395333,
404,395334,
404,395335,
404,395338,
404,395339,
404,395340,
404,395341,
404,395342,
404,395343,
404,395344,
404,395345,
404,395346,
404,395347,
404,395348,
404,395349,
404,395350,
404,395351,
404,395352,
404,395357,
404,395361,
404,395364,
404,395367,
404,395368,
404,395369,
404,395370,
404,395401,
404,395402,
404,395403,
404,395404,
404,395405,
404,395406,
404,395407,
404,395408,
404,395409,
404,395410,
404,395411,
404,395412,
404,395413,
404,395414,
404,395415,
405,395435,
406,395576,
406,395577,
406,395578,
406,395579,
406,395580,
406,395581,
406,395582,
406,395583,
406,395584,
406,395585,
406,395586,
406,395587,
406,395588,
406,395589,
406,395590,
407,395622,
407,395625,
407,395628,
407,395629,
407,395630,
407,395631,
407,395632,
407,395633,
407,395634,
407,395635,
407,395636,
407,395637,
407,395638,
407,395641,
407,395646,
407,395653,
407,395656,
407,395663,
407,395664,
407,395665,
407,395666,
407,395667,
407,395670,
407,395687,
407,395688,
407,395689,
407,395690,
407,395691,
407,395692,
407,395693,
407,395694,
407,395698,
407,395699,
407,395700,
407,395701,
407,395702,
407,395703,
407,395704,
408,395035,
408,395036,
408,395037,
408,395038,
408,395039,
408,395040,
408,395621,
409,395063,
409,395064,
409,395065,
409,395066,
409,395067,
409,395068,
409,395069,
409,395070,
409,395621,
410,395043,
410,395046,
410,395047,
410,395048,
410,395051,
410,395054,
410,395056,
410,395059,
410,395062,
410,395071,
410,395072,
410,395073,
410,395074,
410,395075,
410,395621,
411,395041,
411,395042,
411,395621,
412,395591,
412,395592,
412,395593,
412,395594,
412,395595,
412,395596,
412,395605,
412,395606,
412,395615,
412,395616,
412,395617,
412,395618,
413,395597,
413,395601,
414,395614,
415,395607,
415,395610,
416,395613,
417,395496,
417,395499,
417,395502,
417,395503,
417,395504,
417,395508,
417,395511,
417,395512,
417,395513,
417,395514,
417,395556,
417,395560,
418,395524,
418,395525,
418,395528,
418,395529,
418,395530,
418,395531,
418,395534,
418,395537,
418,395540,
418,395546,
418,395547,
418,395552,
418,395555,
419,395505,
419,395506,
419,395507,
420,395517,
420,395518,
420,395519,
420,395520,
420,395521,
421,395217,
421,395218,
421,395221,
421,395222,
421,395223,
421,395224,
421,395227,
421,395230,
421,395233,
421,395239,
421,395240,
421,395245,
421,395248,
422,395671,
422,395672,
423,395572,
423,395573,
423,395574,
423,395575,
424,395473,
424,395474,
424,395475,
424,395476,
424,395477,
424,395480,
424,395483,
424,395486,
424,395489,
424,395492,
424,395493,
424,395494,
424,395495,
427,395673,
427,395674,
427,395675,
427,395676,
427,395677,
427,395678,
427,395679,
427,395680,
427,395681,
427,395682,
427,395683,
427,395684,
427,395685,
427,395686,
428,395087,
428,395088,
428,395089,
428,395090,
428,395091,
428,395092,
428,395093,
428,395112,
428,395436,
428,395438,
428,395439,
428,395442,
428,395444,
428,395445,
428,395446,
428,395447,
428,395448,
428,395449,
428,395450,
428,395451,
428,395452,
428,395453,
428,395454,
428,395455,
428,395456,
428,395457,
428,395458,
428,395459,
428,395460,
428,395461,
428,395462,
428,395463,
428,395464,
428,395465,
428,395466,
428,487614,
429,395437,
429,395440,
429,395441,
429,395443,
429,395445,
429,395467,
430,395470,
430,395471,
430,395472,
431,395571,
432,395468,
432,395469,
433,487930,
433,487931,
433,487932,
433,487933,
433,487934,
433,487935,
433,487936,
433,487937,
433,487938,
433,487939,
434,395002,
434,395215,
434,480242,
434,480244,
434,480245,
434,480246,
434,480247,
434,480248,
434,480249,
434,480250,
434,480251,
434,480252,
434,480253,
434,480254,
434,480255,
434,480256,
434,480257,
434,480258,
434,480259,
434,480260,
434,480261,
434,480262,
434,480263,
434,480264,
434,480265,
434,480266,
434,480267,
434,480268,
434,480269,
434,480270,
434,480271,
435,480226,
435,480227,
435,480228,
435,480229,
435,480230,
435,480231,
435,480232,
435,480233,
435,480234,
435,480235,
435,480236,
435,480237,
435,480238,
435,480239,
435,480240,
436,480272,
436,480273,
436,480274,
436,480275,
436,480276,
436,480277,
436,480278,
436,480279,
436,480280,
436,480281,
436,480282,
436,480283,
436,480284,
437,395561,
437,395562,
437,395566,
437,395567,
437,395568,
437,395569,
437,395570,
438,480292,
438,480293,
438,480294,
438,480295,
438,480296,
438,480297,
438,480298,
438,480299,
438,480300,
438,480301,
438,480302,
438,480303,
438,480304,
443,395496,
443,395499,
443,395502,
443,395503,
443,395504,
443,395508,
443,395511,
443,395512,
443,395513,
443,395514,
443,395556,
443,395560,
443,3296099,
443,3296104,
443,3296105,
443,3296106,
443,3296112,
443,3296113,
443,3296114,
443,3296115,
443,3296116,
443,3296117,
443,3296128,
443,3296133,
443,3296134,
443,3296135,
443,3296136,
443,3296137,
443,3296138,
443,3296139,
443,3296140,
443,3296141,
443,3296149,
443,3296150,
443,3296151,
443,3296154,
443,3296155,
443,3296159,
443,3296179,
443,3296180,
443,3296181,
443,3296182,
443,3296183,
443,3296184,
443,3296185,
443,3296186,
443,3296187,
443,3296188,
443,3296189,
443,3296190,
443,3296192,
443,3296193,
443,3296194,
443,3296195,
443,3296196,
444,395505,
444,395506,
444,395507,
444,3296098,
444,3296145,
444,3296146,
444,3296147,
444,3296148,
444,3296197,
444,3296198,
444,3296199,
444,3296200,
444,3296201,
444,3296202,
444,3296203,
444,3296204,
445,487930,
445,487931,
445,487932,
445,487933,
445,487934,
445,487935,
445,487936,
445,487937,
445,487938,
445,487939,
445,3296217,
445,3296225,
445,3296226,
445,3296227,
447,3296103,
447,3296118,
447,3296119,
447,3296120,
447,3296121,
447,3296122,
447,3296123,
447,3296124,
447,3296125,
447,3296126,
447,3296127,
447,3296129,
447,3296130,
447,3296131,
447,3296132,
448,395517,
448,395518,
448,395519,
448,395520,
448,395521,
449,395524,
449,395525,
449,395530,
449,395531,
449,395534,
449,395537,
449,395540,
449,395546,
449,395547,
449,395552,
449,395555,
449,3296100,
449,3296167,
450,3296102,
450,3296205,
450,3296206,
450,3296207,
450,3296208,
450,3296209,
450,3296210,
450,3296211,
451,3296101,
451,3296191,
452,3296223,
452,3296224,
453,3296228,
453,3296229,
453,3296230,
453,3296231,
453,3296232,
453,3296233,
455,3296234,
456,395217,
456,395218,
456,395221,
456,395222,
456,395223,
456,395224,
456,395227,
456,395230,
456,395233,
456,395239,
456,395240,
456,395245,
456,395248,
457,395001,
457,395371,
457,395372,
457,395375,
457,395378,
457,395381,
457,395384,
457,395388,
457,395393,
457,395397,
458,395002,
458,395127,
458,395130,
458,395134,
458,395135,
458,395136,
458,395137,
459,480226,
459,480227,
459,480228,
459,480229,
459,480230,
459,480231,
459,480232,
459,480233,
459,480234,
459,480235,
459,480236,
459,480237,
459,480238,
459,480239,
459,480240,
460,395217,
460,395218,
460,395221,
460,395222,
460,395223,
460,395224,
460,395227,
460,395230,
460,395233,
460,395239,
460,395240,
460,395245,
460,395248,
461,395524,
461,395525,
461,395530,
461,395531,
461,395534,
461,395537,
461,395540,
461,395546,
461,395547,
461,395552,
461,395555,
461,3296100,
461,3296167,
462,395250,
462,395251,
462,395252,
462,395253,
462,395254,
462,395255,
462,395256,
462,395257,
462,395258,
462,395259,
462,395260,
462,395261,
462,395262,
462,395263,
462,395264,
462,395265,
462,395266,
462,395267,
462,395268,
462,395269,
462,395270,
462,395271,
462,395274,
462,395275,
462,395276,
462,395277,
462,395278,
462,395279,
462,395280,
462,395281,
462,395282,
462,395283,
462,395284,
462,395285,
462,395288,
462,395289,
462,395290,
462,395293,
462,395296,
462,395297,
462,395300,
462,395301,
462,395302,
462,395303,
462,395304,
462,395305,
462,395306,
462,395307,
462,395310,
462,395311,
462,395312,
462,395313,
462,395314,
462,395320,
462,395321,
462,395325,
462,395331,
462,395332,
462,395333,
462,395334,
462,395335,
462,395338,
462,395339,
462,395340,
462,395341,
462,395342,
462,395343,
462,395344,
462,395345,
462,395346,
462,395347,
462,395348,
462,395349,
462,395350,
462,395351,
462,395352,
462,395357,
462,395361,
462,395364,
462,395367,
462,395368,
462,395369,
462,395370,
462,395401,
462,395402,
462,395403,
462,395404,
462,395405,
462,395406,
462,395407,
462,395408,
462,395409,
462,395410,
462,395411,
462,395412,
462,395413,
462,395414,
462,395415,
463,395505,
463,395506,
463,395507,
463,3296098,
463,3296145,
463,3296146,
463,3296147,
463,3296148,
463,3296149,
463,3296197,
463,3296198,
463,3296199,
463,3296200,
463,3296201,
463,3296202,
463,3296203,
463,3296204,
464,395435,
465,3296103,
465,3296118,
465,3296119,
465,3296120,
465,3296121,
465,3296122,
465,3296123,
465,3296124,
465,3296125,
465,3296126,
465,3296127,
465,3296129,
465,3296130,
465,3296131,
465,3296132,
466,395473,
466,395474,
466,395475,
466,395476,
466,395477,
466,395480,
466,395483,
466,395486,
466,395489,
466,395492,
466,395493,
466,395494,
466,395495,
467,3296101,
467,3296191,
468,395561,
468,395562,
468,395566,
468,395567,
468,395568,
468,395569,
468,395570,
469,3296102,
469,3296205,
469,3296206,
469,3296207,
469,3296208,
469,3296209,
469,3296210,
469,3296211,
470,395572,
470,395573,
470,395574,
470,395575,
472,395591,
472,395593,
472,395596,
472,395605,
472,395615,
472,395616,
472,395617,
472,395618,
473,480292,
473,480293,
473,480294,
473,480295,
473,480296,
473,480297,
473,480298,
473,480299,
473,480300,
473,480301,
473,480302,
473,480303,
473,480304,
474,395607,
475,395597,
476,395614,
477,395613,
479,395698,
479,395699,
479,395700,
479,3531749,
479,3531750,
479,3531751,
479,3531752,
479,3531753,
479,3531757,
479,3531758,
479,3531759,
479,3531760,
479,3531761,
479,3531762,
479,3531763,
479,3531764,
479,3531765,
480,395087,
480,395088,
480,395089,
480,395090,
480,395091,
480,395092,
480,395093,
480,395112,
480,395436,
480,395438,
480,395439,
480,395442,
480,395444,
480,395445,
480,395446,
480,395447,
480,395448,
480,395449,
480,395450,
480,395451,
480,395452,
480,395453,
480,395454,
480,395455,
480,395456,
480,395457,
480,395458,
480,395459,
480,395460,
480,395461,
480,395462,
480,395463,
480,395464,
480,395465,
480,395466,
480,487614,
481,395035,
481,395036,
481,395037,
481,395038,
481,395039,
481,395040,
481,395621,
482,395041,
482,395042,
482,395621,
482,3531243,
483,395043,
483,395046,
483,395047,
483,395048,
483,395051,
483,395054,
483,395056,
483,395059,
483,395062,
483,395071,
483,395072,
483,395073,
483,395074,
483,395075,
483,395621,
484,395437,
484,395440,
484,395441,
484,395443,
484,395445,
484,395467,
485,395673,
485,395674,
485,395675,
485,395676,
485,395677,
485,395678,
485,395679,
485,395680,
485,395681,
485,395682,
485,395683,
485,395684,
485,395685,
485,395686,
486,395063,
486,395064,
486,395065,
486,395066,
486,395067,
486,395068,
486,395069,
486,395070,
486,395621,
487,395671,
488,395002,
488,395095,
488,395096,
488,395097,
488,395098,
489,395496,
489,395499,
489,395502,
489,395503,
489,395504,
489,395508,
489,395511,
489,395512,
489,395513,
489,395514,
489,395556,
489,395560,
489,3296099,
489,3296104,
489,3296105,
489,3296106,
489,3296112,
489,3296113,
489,3296114,
489,3296115,
489,3296116,
489,3296117,
489,3296128,
489,3296133,
489,3296134,
489,3296135,
489,3296136,
489,3296137,
489,3296138,
489,3296139,
489,3296140,
489,3296141,
489,3296150,
489,3296151,
489,3296154,
489,3296155,
489,3296159,
489,3296179,
489,3296180,
489,3296181,
489,3296182,
489,3296183,
489,3296184,
489,3296185,
489,3296186,
489,3296187,
489,3296188,
489,3296189,
489,3296190,
489,3296192,
489,3296193,
489,3296194,
489,3296195,
489,3296196,
490,3296228,
490,3296229,
490,3296230,
490,3296231,
490,3296232,
490,3296233,
491,395517,
491,395518,
491,395519,
491,395520,
491,395521,
492,395470,
492,395471,
492,395472,
493,395468,
493,395469,
494,395002,
494,395138,
494,395145,
494,395148,
494,395151,
494,395154,
494,395157,
495,487930,
495,487931,
495,487932,
495,487933,
495,487934,
495,487935,
495,487936,
495,487937,
495,487938,
495,487939,
495,3296217,
495,3296225,
495,3296226,
495,3296227,
496,3296223,
496,3296224,
497,480272,
497,480273,
497,480274,
497,480275,
497,480276,
497,480277,
497,480278,
497,480279,
497,480280,
497,480281,
497,480282,
497,480283,
497,480284,
498,395576,
498,395577,
498,395578,
498,395579,
498,395580,
498,395581,
498,395582,
498,395583,
498,395584,
498,395585,
498,395586,
498,395587,
498,395588,
498,395589,
498,395590,
499,395002,
499,395003,
499,395004,
499,395005,
499,395006,
499,395007,
499,395008,
499,395009,
499,395010,
499,395011,
499,395016,
499,395019,
499,395020,
499,395021,
499,395022,
499,395023,
499,395026,
499,395027,
499,395028,
499,395031,
499,395032,
499,395033,
499,395034,
499,395055,
499,395076,
499,395077,
499,395078,
499,395079,
499,395083,
499,395086,
499,395087,
499,395088,
499,395089,
499,395090,
499,395091,
499,395092,
499,395093,
499,395099,
499,395100,
499,395104,
499,395105,
499,395106,
499,395109,
499,395112,
499,395113,
499,395114,
499,395115,
499,395116,
499,395117,
499,395118,
499,395121,
499,395122,
499,395123,
499,395124,
499,395125,
499,395126,
499,487565,
499,487603,
499,487614,
499,487638,
499,3531272,
499,3531273,
499,3531274,
500,395002,
500,395160,
500,395163,
500,395166,
500,395169,
500,395172,
500,395175,
501,395571,
502,395002,
502,395176,
502,395183,
502,395190,
502,395197,
502,395204,
504,395688,
504,395690,
504,395691,
504,395692,
504,395693,
504,3531740,
504,3531741,
504,3531743,
504,3531744,
504,3531766,
504,3531767,
504,3531768,
504,3531769,
504,3531770,
504,3531771,
504,3531772,
505,395002,
505,395215,
505,395216,
506,395250,
506,395251,
506,395252,
506,395253,
506,395254,
506,395255,
506,395256,
506,395257,
506,395258,
506,395259,
506,395260,
506,395261,
506,395262,
506,395263,
506,395264,
506,395265,
506,395266,
506,395267,
506,395268,
506,395269,
506,395270,
506,395271,
506,395274,
506,395275,
506,395276,
506,395277,
506,395278,
506,395279,
506,395280,
506,395281,
506,395282,
506,395283,
506,395284,
506,395285,
506,395288,
506,395289,
506,395290,
506,395293,
506,395296,
506,395297,
506,395300,
506,395301,
506,395302,
506,395303,
506,395304,
506,395305,
506,395306,
506,395307,
506,395310,
506,395311,
506,395312,
506,395313,
506,395314,
506,395320,
506,395321,
506,395325,
506,395331,
506,395332,
506,395333,
506,395334,
506,395335,
506,395338,
506,395339,
506,395340,
506,395341,
506,395342,
506,395343,
506,395344,
506,395345,
506,395346,
506,395347,
506,395348,
506,395349,
506,395350,
506,395351,
506,395352,
506,395357,
506,395361,
506,395364,
506,395367,
506,395368,
506,395369,
506,395370,
506,395401,
506,395402,
506,395403,
506,395404,
506,395405,
506,395406,
506,395407,
506,395408,
506,395409,
506,395410,
506,395411,
506,395412,
506,395413,
506,395414,
506,395415,
506,3531349,
506,3531351,
506,3531353,
506,3531355,
506,3531369,
506,3531374,
506,3531376,
506,3531381,
506,3531383,
506,3531409,
506,3531413,
508,395601,
510,395592,
510,395594,
510,395595,
510,395606,
511,395610,
512,3296234,
513,395250,
513,395251,
513,395252,
513,395253,
513,395254,
513,395255,
513,395256,
513,395257,
513,395258,
513,395259,
513,395260,
513,395261,
513,395262,
513,395263,
513,395264,
513,395265,
513,395266,
513,395267,
513,395268,
513,395269,
513,395270,
513,395271,
513,395274,
513,395275,
513,395276,
513,395277,
513,395278,
513,395279,
513,395280,
513,395281,
513,395282,
513,395283,
513,395284,
513,395285,
513,395288,
513,395289,
513,395290,
513,395293,
513,395296,
513,395297,
513,395300,
513,395301,
513,395302,
513,395303,
513,395304,
513,395305,
513,395306,
513,395307,
513,395310,
513,395311,
513,395312,
513,395313,
513,395314,
513,395320,
513,395321,
513,395325,
513,395331,
513,395332,
513,395333,
513,395334,
513,395335,
513,395338,
513,395339,
513,395340,
513,395341,
513,395342,
513,395343,
513,395344,
513,395345,
513,395346,
513,395347,
513,395348,
513,395349,
513,395350,
513,395351,
513,395352,
513,395357,
513,395361,
513,395364,
513,395367,
513,395368,
513,395369,
513,395370,
513,395401,
513,395402,
513,395403,
513,395404,
513,395405,
513,395406,
513,395407,
513,395408,
513,395409,
513,395410,
513,395411,
513,395412,
513,395413,
513,395414,
513,395415,
513,3531349,
513,3531351,
513,3531353,
513,3531355,
513,3531369,
513,3531374,
513,3531376,
513,3531381,
513,3531383,
513,3531409,
513,3531413,
513,1010000001,
