SubCategoryID,StartReleaseID,EndReleaseID,RowGUID,SubCategoryVID
10,1,,"{021A6B8E-024B-4876-BDDC0928BF6C85D8}",10
45,1,,"{905A8CFA-3E0B-4ED6-B87FBAB4AB83A565}",45
80,1,,"{F115D21D-B403-4884-806A4AB8F8481087}",80
110,1,,"{1E25156A-5FCC-4A15-ABE6E159F3605A5B}",110
170,1,,"{AF64E699-7B6B-4601-85F0325A445DCF46}",170
195,1,,"{F2F3973F-BDA0-4752-BBEC0A005CBEA27D}",195
315,1,,"{2E35117F-21C6-4F29-B6BA5B1D6E32BCFF}",315
355,1,,"{C10C719B-9472-47CC-A00EEFECDEA3E955}",355
390,1,,"{07F0A27C-B98C-4660-AF5CB7636068D2C1}",390
425,1,,"{C721E99C-3190-4F0B-8C089FC1CEFBF30F}",425
445,1,,"{980AB16D-C846-4F79-AF23272D0AF6772D}",445
515,1,,"{BFDF1E3C-E68C-4062-AC9E891A066D3C77}",515
540,1,,"{7534CA71-99CB-4F6D-AA181AF8EDB0422D}",540
570,1,,"{33B16167-5559-4122-AB667BE4E4D0F058}",570
620,1,,"{2794CEA8-9C41-47B3-8093C257B84728C7}",620
735,1,,"{A760A3AC-2359-4625-8C861F2D03216C79}",735
775,1,,"{262F485B-EF13-45A1-8972BD342A378115}",775
800,1,,"{5676C877-8F82-4C2D-9E2AB1E1305727D4}",800
905,1,,"{F822C3C8-2615-448C-A043AEBCA3F14BF9}",905
925,1,,"{8FAFF8C3-2404-4C8C-B794171A3807065C}",925
985,1,,"{AC3C2626-4CFC-4909-AFBB56523B1F44F0}",985
1115,1,,"{FE9238C5-9CF7-450B-A3E476AFF4A83696}",1115
1180,1,,"{710288CB-838C-4488-A231C0F3D1065203}",1180
1195,1,,"{ADBAC336-805D-4436-A7DF97F2DD8B8065}",1195
1250,1,,"{E2164D03-AD3B-4B6F-925E7DDBFC33A5D6}",1250
1285,1,,"{5137F95A-6307-414B-B37F3DB67F08AD18}",1285
1305,1,,"{953D51E0-990D-4FB8-B9778A5746E1C6AB}",1305
1340,1,3,"{CC903022-A453-467E-95BBAE9E2770F42B}",1340
1375,1,,"{464B97C0-4A14-4DCE-96E8F24034D750BA}",1375
1530,1,,"{4AF8D894-676F-431F-A5C516ED94BC5C25}",1530
1600,1,,"{3FB04C63-CADA-4C2E-B5AA8679516EA606}",1600
1635,1,,"{5A0B79A6-7DC5-407D-BF22D8775432DD5F}",1635
1655,1,,"{DF3EFDDB-E0CC-4C75-A75FC2FBC80FF15E}",1655
1700,1,,"{144D72C2-39AA-4C4D-9BC5935F329AC611}",1700
1730,1,,"{F10E4D3D-0619-4761-8BD509380E38CFA5}",1730
1775,1,5,"{A42940A6-AE6A-4CA8-9E58C679B5EC6F6C}",1775
1960,1,5,"{47B15E68-2E1C-4BE7-9C8C6233507F3B35}",1960
2090,1,3,"{99099572-7692-4C6F-84E697C68879C0E3}",2090
2160,1,3,"{8D79BB90-690C-4B69-BEC258A567703002}",2160
2255,1,3,"{46AADC8D-1833-4B62-807EE2B94E575BED}",2255
2370,1,3,"{7CFF8C96-420B-403E-B19CE40D3B0EFAA5}",2370
2450,1,3,"{79AD3DCC-491F-439F-8843C9EC9D9A2A2F}",2450
2470,1,3,"{BB1FA082-9F3E-42C8-B75CA7F96B6F7859}",2470
2560,1,3,"{F7DF0295-B820-450D-995E1936C42771F1}",2560
2620,1,,"{8AF59B36-A1F7-449A-9A7F1447689B20BA}",2620
2675,1,,"{7EBB9BB2-2EF7-4D19-BD44EBB5282FDE85}",2675
2720,1,5,"{B2944008-AF65-4088-934C1CD2A91229CD}",2720
2935,1,,"{9CA1CC15-ABF6-4D26-BC0546F79ECCDFB3}",2935
2975,1,,"{4162B8FC-36D7-4E65-AE08A6AAAE95501C}",2975
2995,1,,"{64273C30-31BA-4CE3-BFBCFB8AF17A6477}",2995
3020,1,,"{E48DDF96-00FF-4ABB-923167CE96CA343E}",3020
3040,1,3,"{EC0DA3FB-457A-4801-AB73843636DEAF56}",3040
3180,1,,"{04BBA3B5-2A9A-42AF-94B83D78C1F38962}",3180
3200,1,,"{5F28BB39-EEB1-4164-9BCE67ED9C412E8F}",3200
3220,1,,"{6AE5E642-00B6-4AE0-96FC6468F3AFFA37}",3220
3275,1,,"{32DFB04B-79FA-4DDF-B9CFB74A83B715DF}",3275
3295,1,,"{1B399FDD-1895-4EBC-A76FA362073DE218}",3295
3315,1,,"{DEC3D12C-51B6-4198-9FCCA3482AD8AB9E}",3315
3350,1,,"{4C36E418-E353-4147-B033A231FB8870D1}",3350
3370,1,,"{8BE46D42-0A03-4130-9C93881CFCB1FDB7}",3370
3465,1,,"{81E91741-8579-4992-9ACB61143CADC3B9}",3465
3545,1,,"{E4A85F89-6613-4907-A93289578E3F8EE5}",3545
3585,1,,"{173EE107-510D-4AB6-8033134DA25FA2B4}",3585
3635,1,,"{CF84DF1A-23F8-4FD2-8A6CDCA6613F9BE8}",3635
3665,1,,"{D0C939D6-3D57-4299-890DF7D203EF2CCF}",3665
3710,1,,"{0B3E1B5C-92F7-494B-996C359E87AA2DE7}",3710
3735,1,,"{47247999-2771-4043-90CF0FFBB6285044}",3735
3765,1,,"{ADD833B8-D10C-4FF4-89B4C8546693A39A}",3765
3795,1,,"{33EF0DB7-BB20-49E8-B5BAC24511EA3CAD}",3795
3865,1,,"{EC8898CE-F9BD-40E2-9D79555489687B57}",3865
3900,1,,"{B872707E-C4E7-48D0-8C2E33B21EAA1FE1}",3900
3920,1,,"{1442B53A-5185-4F94-A417DCA6571180E9}",3920
3955,1,,"{52F847FE-004D-4507-84AF0D9D29A23266}",3955
3990,1,,"{3AFBE243-51C3-41A6-8B6D24BF93C96C1B}",3990
4015,1,,"{0E1C5757-45E8-4979-8D629583517D9A00}",4015
4055,1,,"{CDBD01FE-7930-461E-882241FD2E63906F}",4055
4080,1,,"{16F350DD-B5AC-4882-8C533E8B93F5F1FF}",4080
4115,1,,"{EE68CC3A-449B-4D14-AD9FE21BE90E2C9E}",4115
4145,1,,"{9E54EA24-5026-4E72-B8E622E95E2FEE9D}",4145
4165,1,,"{018AACE9-BE2D-4EA2-BF1F65FE5C92F9F5}",4165
4185,1,,"{0DAA6814-C636-4BD8-8E24FFD15F85F2A8}",4185
4325,1,,"{A3F9983E-D63B-47A4-8B6623DAB998D972}",4325
4350,1,,"{A1067092-AD67-4526-B7401BB5D395AD74}",4350
4380,1,,"{BCBC104D-ECDE-4E93-B56461419B63D523}",4380
4405,1,,"{BAF3921B-C612-4E99-BAFCB6D5D9952DE1}",4405
4440,1,,"{9A30F052-8020-45BF-A9F2B995CA77966D}",4440
4465,1,,"{9DA4A131-300C-4ED3-91B4A44CC042FC25}",4465
4490,1,,"{B2C1E68D-DC49-457E-97893DAB59B6587E}",4490
4515,1,,"{86BA7066-A697-4486-9D92643BE3FC794A}",4515
4565,1,,"{74FE0EE3-E7F0-468A-880FAABB683A6A3C}",4565
4595,1,,"{C843D2D3-A627-42E8-A9142B42BFCC54E7}",4595
4755,1,,"{3ADA2453-D0E0-429B-B877900531AC5349}",4755
4780,1,,"{2745D20C-DA8F-4C05-899AEEEA9E00F8CC}",4780
4805,1,,"{627C604C-87E1-4B49-8A6F1209EFF5E41E}",4805
4835,1,,"{FD2CED42-3A7E-419B-AF9597C693BEDD27}",4835
4870,1,,"{2ACC0537-4490-454D-9F41EF0F3A1C3654}",4870
4910,1,,"{1A67711A-9EB7-4242-8D93BE9F88080A8F}",4910
4965,1,,"{E058970A-D099-4EFA-B29377DA4D0933CA}",4965
5005,1,,"{1BEA6ABD-29CF-4D3B-BB382FF3252BDEC6}",5005
5190,1,,"{C5F90E39-1DE0-4AFF-A88EE0BF35B3495E}",5190
5210,1,,"{DBF36F14-0F12-4E4B-9CB9F7CA7C9063FC}",5210
5260,1,,"{ACB83796-BC09-4074-B0A000983B0F8289}",5260
5280,1,,"{61E6282C-1DAB-485C-A68FE13BBFC424FE}",5280
5305,1,,"{6F8A1617-29B2-44BE-99CA6BB76EEFCAA4}",5305
5325,1,,"{FED0897E-71E4-48A3-8685B39FF5EE1999}",5325
5350,1,,"{F351CC8C-A232-453B-81BE65CA85C31305}",5350
5370,1,,"{11E54021-04D0-4FE4-802DF66EA4E3004E}",5370
5390,1,,"{D6489ECB-CB9F-4099-91A53359758073F0}",5390
5410,1,,"{54B0F496-9FC9-4FF4-857FB732579F4E30}",5410
5445,1,,"{61E92C95-6789-4C8D-8713DFD865544745}",5445
5470,1,,"{B47EEC3A-B9F8-4ABA-9259C8B6B353C323}",5470
5495,1,,"{961E71BB-4048-4DE5-9A47E4512EE0A9BB}",5495
5545,1,,"{D591CE76-09BF-4ECD-B60DB80A94C9A275}",5545
5575,1,,"{7D7EFBC9-68FC-4798-BF67D685BDC7145E}",5575
5595,1,,"{A30B8D7C-E164-43BF-972856B94F259826}",5595
5615,1,,"{43197A26-4413-4BB3-938DA5975B1DC78A}",5615
5660,1,,"{E0B52D36-ADB3-44A6-A9D8D3DF2BE51EB3}",5660
5695,1,,"{78F76E5F-E773-4BE5-A5563F8F18DA0079}",5695
5725,1,,"{BAC22426-CB03-4FD8-9955A7867EDE1D01}",5725
5745,1,,"{8758B8BE-6DD5-49E3-A8D3DDBC9C4BEFB3}",5745
5780,1,,"{89AD7ECC-3266-4CDE-A86ACC6E40F104AF}",5780
5840,1,,"{5682EB76-CCB0-46A3-98CB5FB08CE6CE24}",5840
5860,1,,"{E634AEAB-DDDD-4BBB-A74876FBB48BB143}",5860
5905,1,,"{56882147-6E0C-4BD1-863AF4659380B101}",5905
5930,1,,"{D90C785D-38B9-4E1C-87760B704F4B56C6}",5930
6005,1,,"{F2767B50-2431-40A8-9A6F4D3BA6A1A7C3}",6005
6050,1,,"{619BCE4E-7E3D-4753-A3A12467D02D1191}",6050
6070,1,,"{D868CAF0-0EEC-4A42-8FEEAC3A412617C8}",6070
6090,1,,"{68C897B2-ECFD-4E2C-8F18E20218899189}",6090
6110,1,,"{33B49591-C403-4F31-97375A35D9E1D56D}",6110
6125,1,,"{0B22B019-45E6-48AC-9A4A585A34F86024}",6125
6145,1,,"{E907F0E1-B990-43BB-9CABA3E1B990FE91}",6145
6180,1,,"{452EFA17-55C4-4BC1-BD582FF1EEF7791C}",6180
6200,1,,"{58F295A6-74C5-4406-9446392C9B39B7D5}",6200
6220,1,,"{67E47821-7BA6-4348-B1F0DC796E604401}",6220
6240,1,,"{2A2390E5-22DF-49F2-B999632B518ABF18}",6240
6265,1,,"{BC8882FA-D89B-4B5F-BD177D41F777953A}",6265
6290,1,,"{F94D6B07-3D11-4588-9AD2E3998AF9253F}",6290
6310,1,,"{049DFD34-ECA1-4194-A29A04D8F4FE695B}",6310
6355,1,,"{0E7A3B3D-92FC-463C-9BC8A5927FA9B661}",6355
6380,1,,"{9C756AE0-8BB7-4AB9-B31CEBF160949CAC}",6380
6400,1,,"{AEAFE8DF-5F27-4447-8BD0E75EECEB8E00}",6400
6440,1,,"{3DA1F9A7-E44C-4F0C-9C5B962C073F49B5}",6440
6495,1,,"{AC68292F-2F22-45B5-938992CECD54D568}",6495
6620,1,,"{4DB49D7E-8120-4A24-8884F32DE8E8199E}",6620
6635,1,,"{02F2CF4A-FF98-4AAC-900B877B5781FB65}",6635
6670,1,,"{93D96886-9C63-4FC6-822DA4F50B4FD543}",6670
6690,1,,"{ED8F02E2-A289-49D2-94B218E5BC11CD7E}",6690
6710,1,,"{79245979-F3A1-40F2-A35A36463BE26CAF}",6710
6725,1,,"{86A1C823-E8C8-4A12-BADC86CDB2FE8BC0}",6725
6860,1,,"{8F91D902-B5DD-4915-913832AB12BEFB57}",6860
6885,1,,"{27BCC210-6096-4EDD-A6EFC84A0783FF48}",6885
6920,1,,"{5D58F563-96EA-4753-903AEC20C4E51862}",6920
6950,1,,"{35F062C7-E144-40EA-B5114812909EE79E}",6950
7010,1,3,"{1D699570-2AD9-4C20-88F2BC62475A3F71}",7010
7080,1,,"{CD947789-FEA2-400F-AD9B4A8D015780C8}",7080
7100,1,,"{CE31E843-DADD-4691-A525D012A8EA02F2}",7100
7520,1,5,"{B7D3AE0B-8A05-4FD8-AA746D62F4B4F7BE}",7520
9255,1,,"{6FAEC338-45AC-4CCA-A170ADEB65631A08}",9255
9300,1,,"{161E81A0-B3BC-4D07-87A95FFE1FF39EA8}",9300
9330,1,,"{FDBBD712-96EB-46C7-813D1DBAE3A64BD5}",9330
9460,1,3,"{1EFEC792-88AC-4D53-8F608E02ABC3C802}",9460
9555,1,3,"{A5BD57CC-70CE-4A7E-BEADDD05D48D81E1}",9555
9605,1,,"{328B457C-30B6-422A-82BB1748787DB633}",9605
10150,1,,"{27DCE56F-D04D-4A03-98163790A3408355}",10150
10165,1,,"{19AF283A-825E-40DD-B595AC674CA6CB26}",10165
10210,1,,"{7E09B4FD-E138-4679-B8E2030ADB66CE75}",10210
10235,1,,"{50810CFD-10EE-4160-A4DF39B7F130BE47}",10235
10295,1,,"{039A41D3-329F-48C2-B1FD6BC10A6EEA93}",10295
10370,1,,"{4F9D7653-6D42-42BD-8DD0CFB642529188}",10370
10385,1,,"{6118EDEB-A717-48D1-8F960B3660F965FE}",10385
10400,1,,"{7052F138-83DD-49FA-8D7F3C1025AC42A7}",10400
10415,1,,"{652A34F2-6E27-4C7E-A94CF7C2AEC8E3F9}",10415
10440,1,,"{87D07FEA-AAD9-43A5-8559DEF2D1C2C7C9}",10440
11695,1,5,"{ADAC5429-B0B7-48AD-A34594409CB1A820}",11695
12515,1,,"{39A0FE6C-11EF-4C52-AB05931D25685C02}",12515
12535,1,,"{F5F5DAC4-E179-40DC-A38CCB416BE00E34}",12535
12538,1,,"{01A3C724-DC05-4C06-94C261091DCE72D2}",12538
12539,1,,"{5BDA5B5B-E40A-4203-BF2E099087B0BBC8}",12539
12540,1,,"{C92D559E-97CB-4B32-B65AC4155EB4023C}",12540
12541,1,,"{5D0C090E-738E-4A12-8EC32010DEED40C3}",12541
12542,1,,"{8F661D6C-FBC9-427E-BC063BA87431517D}",12542
12543,1,,"{5F7AFFC1-F310-413C-A3EC2475112682FF}",12543
12544,1,,"{1D69F118-2455-42A4-B2CB137F3DD3896D}",12544
12545,1,,"{0F0E33AC-AEBB-4531-81EA21ED3F937D3F}",12545
12546,1,3,"{351D86CD-2413-4C71-A88749A2864C94BC}",12546
12547,1,,"{59850506-8817-424D-A949D42C970B67EB}",12547
12548,1,,"{6AFC3DA0-6D9C-4352-B2DF16A151A15E5B}",12548
12550,1,,"{8B4343E4-A262-442E-93F6A45E6E57962B}",12550
12551,1,,"{069E1784-8E54-4F30-9CE03484DEBFBD30}",12551
12552,1,,"{3E6F8DB3-42AE-43C5-B9D0E3369AD74284}",12552
12553,1,,"{2C2720E3-335A-4A09-B1712493966673D7}",12553
12555,1,,"{2142B4FB-A06D-46FF-8EB5ECF7E54F79BE}",12555
12556,1,,"{90EC46B1-726B-4B00-B860AFB4C729961B}",12556
12557,1,,"{EFEAA43B-7E7D-4443-8A74AB1F5C2B79DD}",12557
12558,1,,"{F6C97A18-8F54-4881-AC22DA7C7CF22DAD}",12558
12559,1,,"{91A2599B-8CF6-4FF1-879C382515AFD859}",12559
12560,1,,"{DCACF7AE-B010-4018-B772E90C592A354C}",12560
12562,1,3,"{45A997C2-F0BB-4AAD-8848295FF8C69FC1}",12562
12563,1,,"{E7F072CA-A2A5-4B44-8122C827138D5E2F}",12563
12566,1,,"{A819D499-DD7A-42BC-833B9B3D734B643B}",12566
12567,1,,"{C90B277D-8BD0-480A-AE5E44D472758239}",12567
12568,1,,"{B4969866-7C08-4195-9A57E30BCBBC81E9}",12568
12569,1,,"{B2C1ED23-B20B-4E23-9774A99DC0E662C3}",12569
12570,1,,"{29F01230-2038-4738-AF05F6F9D93E35D5}",12570
12572,1,,"{35F1A14F-14D6-428B-98AA9E4A24886BF8}",12572
12573,1,,"{86B9B34E-7B91-41A7-8BFC0533B0466398}",12573
12574,1,5,"{E8B490FF-0FA9-4D93-AF05F380DEB0F058}",12574
12575,1,,"{C0A461AD-ABD3-495A-91A9AF9D5F59FEF5}",12575
12576,1,,"{080CAF9B-4A2B-4268-B307795A3D83EF2D}",12576
12579,1,,"{48BACD8C-182E-41B9-AD54A6042FC1902E}",12579
12580,1,,"{7D2DF1F3-B536-4AB8-985E606D3C78EAD9}",12580
12581,1,,"{88F01EFA-3670-46DA-9512221DB39FD2F2}",12581
12582,1,,"{6C763EC7-BE8E-4A83-80585525D0FC3BF7}",12582
12584,1,,"{6956EE4C-F1F5-4C6D-AD736489967C9FA8}",12584
12585,1,,"{4F93508D-CD3A-41CD-9CAC5DADC3ADA0CC}",12585
12586,1,,"{7AAB0218-A5C1-42EF-8DFF01FECA73BFF9}",12586
12587,1,,"{D17E8A48-3DDE-4AD7-90DF9F6B58AE7543}",12587
12588,1,,"{293C9509-094C-4C56-9B7A30C9428F5399}",12588
12589,1,,"{BFA9EC95-F4DD-4DEA-949B9F9C4CED21D8}",12589
12590,1,,"{258F6D20-6C8E-4CC4-89C2AEDA4E34F146}",12590
12591,1,,"{78F087D8-49CF-4CD0-A08A17CF074B4A47}",12591
12592,1,,"{ECE3218E-C56F-48F5-A4E4FC61D8BD7C0F}",12592
12593,1,,"{DBC13217-BBC1-4CF2-9EF1139431E3AB1D}",12593
12594,1,,"{24B840AF-0777-40BF-A94F1351A3C092C8}",12594
12595,1,,"{E961D9DE-9D3C-49D2-B657B783A43CBC9A}",12595
12596,1,,"{3AB669BB-3330-481F-91C7BC7DDE93EC08}",12596
12597,1,,"{424F5A88-7A62-4375-879F9A2F0096F5A0}",12597
12598,1,,"{3860EBD0-05DE-4723-A5CD1631FDC90BD6}",12598
12599,1,,"{8D7F06EE-7DB8-4340-8ECEB9D136BCF0C4}",12599
12600,1,,"{1A7307CD-BAC7-4FA7-B42ACE95C204024B}",12600
12601,1,,"{F7772192-96C1-4D70-B06C1E2113D3A49D}",12601
12602,1,,"{1884D3A2-D7F1-4200-84A9A75AB2B48562}",12602
12603,1,,"{A09AC6D2-ECC1-49F0-8B03EF1730196C81}",12603
12604,1,,"{818996FC-1676-4DB7-8981438DD671B01F}",12604
12605,1,,"{461BF657-C511-4669-8AD3F4822B93D979}",12605
12608,1,,"{DC09ABF5-0675-4F04-846B571C59CF61E0}",12608
12611,1,,"{1CFBF413-B385-4B69-B0788F627B67CECA}",12611
12612,1,,"{0A699E65-1F25-4C68-A9C986A8924621C6}",12612
12619,1,,"{4576F06E-87F7-4FA7-9BD2EF6923658ECF}",12619
12620,1,,"{03F61791-7775-4909-B7C2BD9DE1918B5B}",12620
12622,1,,"{9E4F6681-73A5-4BC7-9E719384EF91AAF2}",12622
12624,1,,"{D3F41F6C-BE8C-4BB7-93CF3DB8A919511F}",12624
12625,1,,"{C5A2F7F8-5847-48D7-8BF7A61D73BDEBB1}",12625
12626,1,,"{1980D984-6008-489D-BDBDAA9512238BFE}",12626
12627,1,,"{DE3C3622-633A-4AB3-874A1800B822BCA0}",12627
12629,1,,"{FC9D9ADC-63F0-46AB-8A045EDF490F4DD4}",12629
12630,1,,"{E1DCC673-D54A-459B-A29F99CDABB70420}",12630
12631,1,,"{565B7C4E-44C6-4E24-840A4AC50BDDB36C}",12631
12632,1,,"{15A5551F-1ED8-4EC9-A9FF3342B939D3F9}",12632
12634,1,,"{98E99DE3-12BA-41BF-A35E30E322938248}",12634
12635,1,,"{456EC0A0-6ACD-4EA7-A83ED5CC01FA9F36}",12635
12636,1,,"{CCBB34DD-5324-4B68-86D05BBBF880C54B}",12636
12637,1,,"{856236BF-E49F-46DA-9F456F0BC6C7C37F}",12637
12638,1,,"{FA8DAAED-9930-42DC-B7F9B19D9CA155E7}",12638
12640,1,,"{9304069A-D7D2-4BFC-BA46B464520CED80}",12640
12641,1,,"{10F2B109-EBA1-4CBF-83C6F5AE2AAC51E7}",12641
12642,1,,"{7950BA6A-F70E-4B81-9DC93EC0351A1734}",12642
12643,1,,"{168BD93F-EA29-46BD-B06DA12E599A61F4}",12643
12644,1,,"{9C6FDBAA-025D-474C-99C0085B8C1BA0EB}",12644
12645,1,,"{E0033EEE-E1D2-42DE-881E473C4426F4D6}",12645
12646,1,,"{4BDE2E48-B273-47CB-A020D8873BE309F6}",12646
12648,1,,"{E244204D-F7F5-4755-ABE18A7F92675865}",12648
12653,1,,"{79C64813-F9E0-4AE5-AE375172F2422F4A}",12653
12655,1,,"{83BFEF6B-490B-417A-826D911FE096A235}",12655
12656,1,,"{278A560A-F0D1-4BCE-B268AE200B45AFBC}",12656
12659,1,,"{9C15276D-9C6B-4800-A5D12394C7126777}",12659
12661,1,,"{A8DFC10F-4CFF-484C-AA45DB413D53CF12}",12661
12662,1,,"{0852D6F2-C7E9-404E-85C37B363AA7D9B9}",12662
12663,1,,"{135E5329-BCD5-4185-84DAB4341293141B}",12663
12664,1,,"{D796A685-76B3-4759-985CFD24E90513F1}",12664
12665,1,,"{8AF76364-E567-422F-BCD462AB0DFD4B77}",12665
12666,1,,"{F763A0D5-91E8-4E8C-80DF56D4AF6D89E7}",12666
12667,1,,"{12EA3D02-9B77-4EF9-8C6A83225E5B09E8}",12667
12668,1,,"{21883117-E67F-4E51-9AB8E85BB49F328E}",12668
12669,1,,"{032437D6-6A86-4EDF-BD7B1AA5D360172E}",12669
12670,1,,"{96B83906-B2D6-48FC-8267FE7D3A960CA9}",12670
12671,1,,"{E19D6CCA-FE19-4707-B8CDBA4F4094F59F}",12671
12674,1,5,"{8CFF73C6-01BE-40C0-90EDA81DEF5224A0}",12674
12675,1,5,"{9A7CE551-BCA8-4091-89A757AA8E3B8D5A}",12675
12677,1,,"{44945E56-30FE-4D89-B0F40ED0943B5DA1}",12677
12678,1,,"{2B51F1B4-0029-49E7-97C20B3590112A0D}",12678
12679,1,,"{53758B0B-89B1-4054-9A7A0C5161DB1BF3}",12679
12680,1,,"{BC33B19D-23C9-4982-91681583AEAE211A}",12680
12681,1,,"{2D23E9DA-D33B-4AFF-9A8BBE56DD146D64}",12681
12682,1,,"{3842DDF8-7C8A-43FC-866737414A155130}",12682
12684,1,,"{C607C566-1612-4F3B-9209433F557536E6}",12684
12685,1,,"{613C13F8-F881-4D07-B416D536C5791552}",12685
12686,1,5,"{FE5CE421-AC22-4837-B21CE9F9779F3340}",12686
12688,1,5,"{B6242F47-CD83-4AD6-8606EF05E452D536}",12688
12689,1,,"{257BDD42-036E-419C-803442733EF2586A}",12689
12691,1,,"{8324BE23-9BF1-4743-9D5FA3CFA5122F18}",12691
12693,1,,"{96F2F076-2C9A-46D5-8CADE9C51D905E0C}",12693
12694,1,,"{A01F6D15-6FCA-410D-BDC84BFAFF18A477}",12694
12695,1,,"{1FED33E4-3F83-4E73-AAEA17B88E5C815C}",12695
12696,1,,"{67A81631-B987-4F30-AA399454537BBD7B}",12696
12697,1,,"{BA6AF2DD-8F1D-4525-90985E41564433FE}",12697
12698,1,,"{2E390227-9EFC-4D11-B448D2FE295BAB19}",12698
12699,1,,"{850E4297-BCD5-4845-A75D0D681BE75C2E}",12699
12701,1,,"{8A95B642-5599-44BA-8BE739EC59DD289C}",12701
12702,1,,"{71BAD6E9-3E40-41EB-8CD8A1CC9482BDD3}",12702
12703,1,2,"{5355110D-1FCA-4B96-983E4F482EDA0EE6}",12703
12704,1,,"{FC19B91A-CC2F-4680-8BAD1B3A6FC0473A}",12704
12707,1,,"{3AEE0454-D057-4E74-B5826EA32D1A678F}",12707
12710,1,,"{E0313B4B-5ACD-4A51-B6EC97D38CF31312}",12710
12712,1,,"{E794B430-BD25-4664-9CB9B268EFCF5208}",12712
12720,1,,"{310302BB-D2A9-43B2-98F688B7676F3CB3}",12720
12721,1,,"{9E36F7F5-742A-4FB7-964439ED07813CE5}",12721
12723,1,,"{5618ECBD-8EC9-4A7C-B624E4FF280177A9}",12723
12726,1,,"{66448779-A4F3-455C-8D017338C61A89AB}",12726
12728,1,,"{497F2348-F0A8-45BB-B6D7673A9BB44DBA}",12728
12729,1,5,"{804B51F6-C493-4065-A5652472F5504667}",12729
12730,1,,"{A165ADC0-6B4A-4C0E-99AB4A76488662E8}",12730
12731,1,,"{DD38AFA8-AF6C-4022-A18C9A593891F7B3}",12731
12736,1,,"{F68AE43D-46CE-4EB8-AE45AF271DACF94F}",12736
12737,1,5,"{A5902C66-761B-44A6-86C4475FC4F31CF7}",12737
12740,1,5,"{E607BBBA-9E00-4F5A-95A6A3A06805E4C2}",12740
12741,1,5,"{0E191CE8-3AD8-422A-B5967BCB6F1B17B1}",12741
12742,1,5,"{71303F86-BD63-4588-80559E07E5C06C5C}",12742
12743,1,5,"{23B6B81D-7FB6-439F-B897FEB6E840874A}",12743
12748,1,,"{807CE56A-67AB-4941-B30CE6DD81F204FC}",12748
12749,1,,"{0554126D-A8EA-4791-A33798AD04873154}",12749
12750,1,,"{2C90F400-0091-4179-8981876237206472}",12750
12752,1,,"{5A5AE5B5-7BBD-418B-973FEC0A3CA4E56C}",12752
12753,1,,"{25387DFE-7C12-4715-8DE54DC4697398A9}",12753
12754,1,,"{DF315F73-33E0-4763-AEC46C9FB4A7186D}",12754
12758,1,,"{BB4FEF9F-869A-4156-AE377DC964361B74}",12758
12759,1,,"{A577C9CB-3A9E-45DE-9F4BAB17EA7DA029}",12759
12760,1,,"{5BAB31AA-5845-437C-9068AD9E39BC4C50}",12760
12761,1,,"{1CF47644-F222-4E78-B698E03F6FF78557}",12761
12762,1,,"{280E070C-9B80-49F6-BC2BAEEF80C79314}",12762
12763,1,,"{67ACD73C-AF4E-4E91-8F510157977C096E}",12763
12764,1,,"{9BB1E288-924B-43F0-B4D573B6687FB202}",12764
12765,1,4,"{724E8279-7DBA-4B0C-A9235914DB51F00A}",12765
12766,1,,"{E39B23D4-E424-4653-A9C3DD7B348A4C36}",12766
12768,1,,"{B1D86C23-A4DF-4A6F-BA2136AA58937D71}",12768
12769,1,5,"{F80E9B27-C5AA-4F71-ACD4DA0E089BD6B2}",12769
12770,1,,"{9B8BE133-C342-4A2F-A6CB89310E913D0A}",12770
12771,1,,"{A33B3183-3E82-45B2-A9053D8EB3DD59DB}",12771
12773,1,,"{2624A927-36B2-4BE7-8A772702633110C4}",12773
12774,1,,"{5A4B2D05-8541-4F19-B6B823B3029E3A5F}",12774
12776,1,,"{96AA0836-CC73-432A-812F2A361B9D71EC}",12776
12777,1,,"{E81A1A42-0F9F-467D-B43605DE4727EE3B}",12777
12778,1,,"{412A8CA7-F7CC-4B36-BA5C88F760BC2EA3}",12778
12779,1,,"{0CBA3E42-4922-4C60-B495EEA13E887E37}",12779
12780,1,,"{884E23B3-FE21-4B45-BD45B922393D4903}",12780
12781,1,,"{E39091AE-71E2-43D2-BBBBDCEDD1DC98BB}",12781
12782,1,,"{7EC12864-9933-477C-B5F6B53067C53887}",12782
12783,1,,"{0312833E-F1AE-4812-A501C29F6CA6D07A}",12783
12784,1,,"{E795D3CB-25E6-4D11-9EDB2738B35E9786}",12784
12785,1,,"{394CD3B8-B199-4251-9920496859FCCFE0}",12785
12786,1,,"{3D549E35-B31C-4F14-A2A32A113943603B}",12786
12787,1,,"{E3E82022-BA09-4D14-ABD0F5BCE6109EA9}",12787
12789,1,,"{4E1E965C-B3D1-4738-94AEFDD5ECD6F1D5}",12789
12790,1,,"{76569A5A-ADAE-4825-A33B82DE6C2FF65D}",12790
12791,1,,"{245060F4-E1D4-4ED7-BADEF8AC5B7F3B79}",12791
12792,1,,"{2D5F9C67-19E6-41B0-8C44BBE7053BE89B}",12792
12793,1,,"{FA8F85EC-08A8-4D2D-8F32B70CAF503241}",12793
12797,1,,"{B8F8A292-BE52-4E5A-A51F6F07468D86FF}",12797
12798,1,,"{244C64DB-606A-4F9B-842B0997A607D906}",12798
12801,1,4,"{64572908-3D5D-4A03-B1CCFAA5D516C4A4}",12801
12802,1,,"{FCB50428-DD58-4529-AABCDAB2347140B8}",12802
12803,1,,"{57048F02-9EFA-4EB4-B5355E223EE80390}",12803
12804,1,5,"{DFF87BBE-B5AE-4A57-869DF8F1BFC14C71}",12804
12805,1,,"{348F23C5-BF5B-4281-A8D92378359EC885}",12805
12806,1,,"{6A95ABF8-9769-4EF4-8A7CD52D109C9F5F}",12806
12807,1,,"{B1F14064-D0FE-4A77-8347DED06E597647}",12807
12808,1,,"{A4F1036E-37AE-4F9F-9E6559F99E4DAF05}",12808
12809,1,,"{A95E23C2-4F22-45D5-9869BB6B2EEA2471}",12809
12810,1,,"{E5732860-BC81-4CFE-9936EBB4365195D7}",12810
12811,1,,"{C7D13181-B0C0-4D64-8CBB7AE01018AF5D}",12811
12812,1,,"{98095242-3AFD-4E03-85096F5594AA6E76}",12812
12813,1,,"{7D93915C-5DDC-4B79-823CF6DFF7593E13}",12813
12814,1,,"{6CD36E01-BFB3-4917-8EAEBAC9F099D7C8}",12814
12815,1,,"{A358B998-B1AF-446A-AA3B11E970C10BBC}",12815
12816,1,,"{FA78A2F6-81E3-4B33-AA59263963BF695F}",12816
12817,1,,"{6AD4681B-5389-48BB-9D608D7ED7A4C178}",12817
12820,1,,"{7A873362-623C-4990-B21C3D9BBA9A90E4}",12820
12821,1,,"{0D34BE6D-BD0B-4D96-85E593DF79A13583}",12821
12822,1,,"{B3966977-3808-4041-860F9A7175904752}",12822
12823,1,,"{A9244A3C-88BF-4870-9DE19280744E0DE7}",12823
12824,1,,"{ADF38BCC-F6CF-48CD-B6349B4FC25EBBD7}",12824
12825,1,,"{533E4D39-8C30-40C5-A2EE82129FF475DD}",12825
12826,1,,"{2835898C-AA7B-4386-8E7B91FB9D741548}",12826
12827,1,,"{74EB637E-527D-4109-9A3665B058AAA519}",12827
12828,1,,"{2EBD66DB-2A4B-40DE-A292A0164FC5544F}",12828
12829,1,,"{9E44BF1E-9BF1-4808-A64F198689C2ED26}",12829
12830,1,,"{582A29D3-1F4A-48DA-82785C07686FF4B0}",12830
12831,1,,"{F0E5D101-4F07-4A01-80913030AF095093}",12831
12832,1,,"{35EC230C-0804-491D-830426428C68793B}",12832
12833,1,,"{1AF7FA2A-AA72-40CB-8D21C637903A58DA}",12833
12834,1,,"{486D350B-9E81-40FE-AADDE81B0A68341A}",12834
12835,1,,"{684696D9-B470-4F0B-8774A9714ADFF25F}",12835
12836,1,,"{E79381E5-1B2F-4C9D-9FB30BFD9DEDE129}",12836
12837,1,,"{005137D7-EEB4-4E97-9C48AE7A9E82D0C5}",12837
12838,1,,"{8833BBD4-C07C-4156-97437063131C750C}",12838
12839,1,,"{F21F253E-D65F-4434-8FB6902D20189051}",12839
12840,1,,"{3C09A125-1969-4F5A-8FA744E1B6C2BB88}",12840
12841,1,,"{9D05AB38-DA94-4E62-9D6AB3DC4C04AF84}",12841
12842,1,,"{BA946FE2-23FD-4AEF-A50A1D73DE968624}",12842
12858,1,,"{5A9464A3-350D-4631-B7B7AA23DA009DF9}",12858
12859,1,,"{CB6EC9FC-4BB8-4E21-B593B6B04B44F30E}",12859
12860,1,,"{64A46A8D-3B1E-4D53-99F9D5AB818D5C92}",12860
12861,1,5,"{67928F02-31C5-407F-B1495F6E0F6E4724}",12861
12862,1,,"{5353994A-C0B7-4941-A2F39E2D8FBFA3EB}",12862
12864,1,,"{8D958D07-C4E2-40B1-9BEC492E739B3661}",12864
12865,1,,"{F6CB2073-AA85-4DF8-8D41F27BB7D2CFC5}",12865
12866,1,5,"{77782325-E5E3-45C2-B445F701CAD51A54}",12866
19626,1,,"{39EAD451-F617-4795-937BD871E947A87B}",19626
19674,1,2,"{67DF3A7B-528C-4A04-A3514DDF83A2DEFD}",19674
19729,1,5,"{6EB89961-38DE-4376-BB9F46E69AF1067D}",19729
19740,1,5,"{5E0298D5-1D5E-4C63-8551DBA000895585}",19740
19743,1,5,"{EB86C18A-7029-44F2-A7C3D844BD850D4B}",19743
19784,1,,"{FF57B34C-3DFB-42D4-A7AC3A4554213D06}",19784
19803,1,,"{ADB24874-0CC9-46B8-850BB6C3E6C6B35D}",19803
19805,1,,"{7C1848DB-F73D-4552-839D50223F6D2B95}",19805
19806,1,,"{FDB0D648-842C-4A6E-A1BF6F240F796F6E}",19806
19807,1,,"{D1E03B8E-710F-4C44-95FE94F7B7EC180D}",19807
19808,1,,"{16C47AFA-954C-4DDA-8192066798CBA2BC}",19808
19809,1,,"{B9AA89D2-A09F-4E02-BAB7D7D947C84C70}",19809
19866,1,5,"{9BBD2428-6068-4C7F-98E9FBDAFFE8AE99}",19866
19867,1,5,"{50A508A8-5055-436C-9CBEF64ACF65BB3E}",19867
19869,2,,"{C4B010F3-7DAE-4137-8011461C83C17075}",19869
19870,2,,"{8940BD35-E2DA-498B-978016346B503A74}",19870
19871,2,,"{9D8CAB3B-D42D-4B29-8D66DBCC4BB94D36}",19871
19872,2,,"{3D791414-E737-4A24-A3F44CF18EE1C8C0}",19872
19873,2,,"{1AFFD1E0-A987-4388-BCE1EF462CF066D5}",19873
19874,2,,"{838878A5-10B4-434E-A3D0A8BFA5660817}",19874
19875,2,,"{F4C8F55A-82E5-44AF-9C3866C3CB66313B}",19875
19877,2,,"{35FEB04D-803E-4958-9F54932D79E9029A}",19877
19878,2,,"{9142B4AD-4775-4876-9035308E4AC81222}",19878
19879,2,5,"{02DFC3EC-15D6-40AE-ACAAD6E3D397A5A5}",19879
19882,2,,"{6875804F-E85F-45A7-AEEE911A4163C762}",19882
19883,2,,"{76A00526-D335-484E-94DF8C5EE2D6EE5F}",19883
19884,2,,"{F5CBE592-12E2-40C7-974F629A4A281FEE}",19884
19885,2,,"{413EF5F0-95CF-40A4-858D23808205AC19}",19885
19886,2,,"{9E64F981-B71C-484A-AEB92054E97A176F}",19886
19887,2,,"{8BDD950C-27CB-458C-8D5BA537D00F7E81}",19887
19888,2,,"{087E0628-AA1F-4E04-B1F392894F543A88}",19888
19889,2,,"{B213EB95-E895-46D0-BB5AC8079D22B24E}",19889
19890,2,,"{42E423F7-2B3B-46E1-806D17BB4F16DDB5}",19890
19891,2,,"{2EB203D1-022D-467C-B528C414591773AE}",19891
19892,2,,"{42179E45-F703-436A-97DA3229012B1C33}",19892
19894,2,,"{C9ED5FEE-4F49-4262-8C8F95658F5ED5A7}",19894
19895,2,,"{4091EE68-7206-470D-9BCD1066D0220243}",19895
19896,2,,"{D340AF43-B882-4143-B8D2505D81DE32AF}",19896
19898,2,,"{BADF3FC4-BFAF-4F62-97DF0E148D776A87}",19898
19899,2,,"{D95A901F-4FBA-4634-8A915F8E82C113A6}",19899
19900,2,,"{A69E91D6-AB57-4D24-86214EE5E29AD6EE}",19900
19901,2,,"{AFD07038-03DE-4335-B991CCDFAF3A6161}",19901
19902,2,,"{EA1428AA-9AA5-4DA1-8E9EE067B14EA4B6}",19902
19903,2,,"{CEEB0879-4781-427E-A741CCDFF764294D}",19903
19904,2,,"{2653519E-76A2-4C81-90E57A958CA7DA8B}",19904
19905,2,5,"{0F7CBBCE-84B6-4424-B923926C6E372DFD}",19905
19906,2,,"{E080127C-BD01-4CE6-9D1749427EF53B58}",19906
19907,2,5,"{F3A3A13D-990D-4F64-AC38FAF171DE090F}",19907
19908,2,5,"{5D99A1BC-C764-434B-A9D55D757563EDC4}",19908
19909,2,5,"{11E67FC3-920F-4E65-A8121365BD8D6285}",19909
19910,2,5,"{5AD577DA-F697-469C-894A83A0A1E2340F}",19910
19911,2,,"{8B6D97C0-A261-4100-AF57E7BDE93B089E}",19911
19912,2,,"{184C5668-01DF-404E-BD8F6988D7E28FD3}",19912
19913,2,5,"{AC30D58D-113F-47C4-87E12E870B8FDF1C}",19913
19914,2,5,"{B405E791-A21C-46A6-B33CA4D75FBF6591}",19914
19915,2,,"{E67DCFC3-20DA-4405-A5BA266934AE8673}",19915
19916,2,,"{74280755-9B5C-4816-BC53B4C71CFF8A66}",19916
19917,2,,"{49C917AC-3F7A-4050-8A121F9B457940B1}",19917
19918,2,,"{4A1DEA4A-F1E4-4552-9090AD454951EE1E}",19918
19919,2,,"{C95632CC-FD79-4536-ACD8BB1D199851DF}",19919
19920,2,5,"{6596E703-F16C-4DEC-94F05BCF5B455017}",19920
19921,2,,"{C805B0A5-E036-4C0A-8D2650D922CF200A}",19921
19922,2,,"{6E066C12-3DB6-41EF-9CA427CEBBBB5BA0}",19922
19923,2,,"{A7AECCCF-0D3A-4EF6-9BCCE93017034E63}",19923
19924,2,5,"{A67F5574-4D0C-4A98-B74CD1A99876130A}",19924
19925,2,5,"{EBA05BD4-1A7D-400E-B8DF7D5E4096F9B2}",19925
19926,2,,"{B8B1F4C7-CAF8-433C-A545AC48E3667F47}",19926
19927,2,,"{3F0F8D6C-DDFF-4C05-806604C5EF0DC588}",19927
19928,2,5,"{31B2B28C-B61A-4257-BD91335D424B66A6}",19928
19929,2,,"{89F570F5-E6A2-41A7-948F638E1C59095E}",19929
19930,2,,"{54B05ADB-542E-416E-927F0A42FA833E79}",19930
19931,2,3,"{FFCEB4B1-5E55-4078-B40E75F39CB41FBE}",19931
19932,2,5,"{E0B2E4C1-378C-4EA9-9B80BC3459B5F9CA}",19932
19933,2,,"{41754357-CB2C-44AC-948A725225765C00}",19933
19934,2,3,"{EB9E42D5-7EBB-C243-B1A76D133C4E147B}",19934
19938,2,,"{090B0D5E-7A54-454B-87B7749FFC12C60B}",19938
19939,2,,"{97DA4196-27BE-489F-9C91F04E2DDCE9D0}",19939
19940,2,,"{140B37EB-7D8D-4D44-9D6A00DEFD7BBD69}",19940
19942,2,,"{24D4452E-2ADA-4B96-A995549127547595}",19942
19943,2,,"{364ED632-62BE-42F6-B43194C872441348}",19943
19944,2,,"{F5A8F350-211C-440F-85644BCFD518AAE9}",19944
19945,2,,"{C604D2E3-B904-4825-8F8D8C2E9F13CBC4}",19945
19946,2,,"{DBD18A4D-F08A-47BA-9DDBABBFA5D60D27}",19946
19947,2,,"{DE77CF1A-FAF4-4A1A-8C18EFEF94870A35}",19947
19948,2,,"{8B805B46-37BE-494A-AE1090F89477CBE9}",19948
19949,2,,"{ADEC5768-9A10-40DE-AC22B5CFFF360589}",19949
19950,2,,"{3B110D5C-0E34-46B4-9738B9E122312923}",19950
19951,2,,"{442DF6AF-4451-428C-B530B82F8351395B}",19951
19952,2,,"{C9CB95A0-6375-448C-B6C53C9506CF19BF}",19952
19969,2,5,"{923984B1-3260-4565-8C0C80F86C670840}",19969
19970,2,,"{E1B73AEC-7B2E-43E7-B50412E2FFBFE38E}",19970
19674,2,,"{B27409DB-370E-4AB2-A5B84CF2C6D54DA3}",19971
19971,2,,"{7FF93E06-C658-4AFF-94D2AE68730B99DB}",19972
19972,2,,"{D311A17B-54E1-44F2-88A67BC4917A9156}",19973
19975,2,,"{DEE36CDF-3E1E-4361-9E1CC99C6B35A8BF}",19976
19976,2,,"{53F1908D-63F7-4753-9467F70F5BD87DF7}",19977
19977,2,,"{D9FE75BA-BEA1-4E9B-82A44347A3F685F4}",19978
19978,2,,"{0BBA4B10-7509-4EC6-B507CE7B2FF36B47}",19979
19980,2,,"{9F1CD103-92FB-44D8-953C5F353141BA4C}",19981
19981,2,,"{2A100FA6-32C1-4449-86A74BA34034F6B2}",19982
19982,2,5,"{6E28E263-D0CA-6844-99F9DB7D8C8D1596}",19983
12703,2,,"{FD439F90-35B2-8E4A-A104742AEEFF2A74}",19984
19983,3,,"{911441A0-B338-EA40-ADD8BD61DC84AF60}",19985
19984,3,,"{2AC30BA8-224F-9C47-91544ED601137DD1}",19986
19985,3,5,"{E6DB1A8D-C0AF-1F49-AD55EAC3A325C763}",19987
19986,3,5,"{E6B22BD5-C405-D54A-A86F84A302A860E4}",19988
19987,3,,"{59D1CC6B-4EDA-5649-9A75BBB944972152}",19989
19988,3,,"{1F6668D7-7B97-C944-9D5446652570DED0}",19990
19989,3,5,"{D7E89E62-F336-8340-978B96477DB47F17}",19991
19991,3,,"{6468062A-56DE-CA4F-9F5CC55C276E785B}",19993
19992,3,,"{CD1C272F-E7EF-084E-AFF6793ABDF54401}",19994
19994,3,,"{D029502D-A1F0-9F4F-B240D0EA25D50177}",19996
19995,3,,"{9FC47C2B-B277-FE4A-827A3101E34E305B}",19997
19996,3,,"{DC160FDB-0294-D940-908880CB0CC65B0A}",19998
19997,3,,"{82C11622-EBB8-8449-BC24249E2EE4DA6F}",19999
19998,3,,"{098AAC77-5CD8-2D4C-B24B7AD6F86FBF73}",20000
19999,3,,"{7290C336-DB29-0F47-A6E0631ED242CF1D}",20001
20000,3,,"{A060F509-4620-3C43-B792CD7BF87A49F5}",20002
20001,3,,"{627699E2-3B9F-D34C-927419A5BDE4650B}",20003
20002,3,,"{897CB4FA-3356-D341-94469E2986BA0BD3}",20004
20003,3,,"{1C1C8942-F7B6-8946-8AD70F3D8648D73A}",20005
20004,3,,"{E7E6DE92-8253-7945-BE387EBC158A5BDC}",20006
20005,3,,"{7D6E2BE6-749F-5641-9B3BA798BD7AADEB}",20007
20006,3,,"{B6A7EFD9-153D-7641-86F22AAA1DB101F1}",20008
20007,3,5,"{8032A523-6DE3-5544-B6ED3C915F9F5D0D}",20009
20008,3,,"{866AB6F5-FBB2-AE42-8069BE6E96271695}",20010
20009,3,,"{169FC22F-EA7C-1842-8AE6735C3FA26C5A}",20011
20010,3,,"{E3FFAB9D-3CF5-CF47-8F695F9738D46C45}",20012
20011,3,,"{87FE92C7-65B9-684C-8454914425FE347B}",20013
20013,3,,"{9771AFAC-132D-414C-A60C5EBE49962B12}",20015
20014,3,,"{2D3ECFFB-9630-A54B-8EBE427876512E69}",20016
20016,3,,"{C6FE9573-DB4A-1445-B93109D7B8F189D0}",20018
20019,3,,"{B155BBBD-DE61-6348-BA20236B42911B1F}",20021
20021,3,,"{34436796-0953-1A43-AE053BA132427AF5}",20023
20023,3,,"{DBE0DB23-F73B-BE48-8EE9FAD9F9A5DCA3}",20025
20025,3,5,"{EB6EFFE3-EDC9-8A46-968BA0473AC0B77D}",20027
20026,3,,"{B9ED4739-881C-0148-97558D7B234FA85D}",20028
20027,3,,"{C8703560-5959-9645-9D346B1D37799F33}",20029
20028,3,,"{50FAA2C7-D700-5149-9DBB61CAD69EDF49}",20030
20029,3,,"{618A6198-65DF-7B41-AF2B8D8EE4E58068}",20031
20030,3,5,"{5E1D654F-0C2F-7E4C-869C03FEBCB96C85}",20032
20031,3,,"{15B69576-02D0-3D40-8D1E43949ED94E78}",20033
20032,3,,"{EABECA94-6EE9-634A-B740F2FE49CB0145}",20034
20033,3,,"{2309E1EE-86A3-A641-A295FFFF27B70257}",20035
20034,3,,"{31A54E2F-1A57-844E-BDBC9FCB1463B96E}",20036
20036,3,5,"{2334A0AF-C167-C44F-9F056CF6817DF054}",20038
20037,3,,"{B2161B6D-AC44-E542-B61FEF53E7780487}",20039
20038,3,5,"{9B0A0EF5-E0DD-3E48-8CD8ADC3716A1530}",20040
20040,3,,"{ADBD12A1-0A27-4245-9998C50CC5CC227A}",20042
20041,3,,"{836FAABC-986D-B34C-97A8183D4D95E539}",20043
20042,3,,"{0829546C-57BE-1D4C-8CA307569D836E80}",20044
20043,3,5,"{F7C1078C-59D2-BA4F-8469E91BA7197D23}",20045
20044,3,,"{C03FEA75-DB38-1E47-AF5C0E3305E66420}",20046
20046,3,,"{1ECC9CEC-EE0B-1D4F-BC7909E04C4D03C9}",20048
20047,3,,"{29AB5260-002F-B442-8C9B01B789978BB2}",20049
20048,3,,"{494A84CA-9F63-B049-A249C0798BC154CC}",20050
20049,3,5,"{8BA84398-560A-A042-B0D4EAC15729945B}",20051
20050,3,5,"{54CFF34B-A32E-D046-95DD8F5B2F0334DE}",20052
20051,3,5,"{771EA756-E74E-334E-96043201721AF770}",20053
20052,3,5,"{3B5967D4-CAC5-5D46-B1557C875A70EBCB}",20054
20053,3,5,"{2CCD3F80-674E-9A45-867834160F3E9BD9}",20055
20054,3,,"{FFA9A3E1-07F5-464B-9BEA6902CC35C164}",20056
20055,3,,"{A65BF961-CA34-E242-A6E1C7847B15A9AF}",20057
20056,3,5,"{216C942B-2A1C-8944-A084DD523285CE1B}",20058
20058,3,,"{9DB6F429-007F-294E-92122FB9548C44F3}",20060
20059,3,5,"{4228C893-02F6-5945-B20E8AE7CB780F20}",20061
20060,3,,"{35D76D50-48F0-F847-B029B2659A969D74}",20062
20061,3,,"{C3D44345-BFA5-1949-9122E3D0F9BDAD68}",20063
20062,3,,"{1646CC98-2E35-9648-A8FB4490585EED84}",20064
20063,3,5,"{1FB00DE5-DF7B-2040-80ACDD4686032F31}",20065
20064,3,,"{AE137177-E387-0B47-BD63032CC09911A8}",20066
20065,3,,"{CF660C2E-6DB2-7147-A67AABA7131DF6DC}",20067
20067,3,,"{FAE972C4-681D-A749-9D618904A7ED778E}",20069
20068,3,,"{F25632A0-9734-B54D-99E93C0C89E0D2EE}",20070
20069,3,,"{FC4AABEB-D5F1-E541-9FF10FFF73CC10FB}",20071
20070,3,,"{D37E78D0-B2D8-F440-866E894977072E13}",20072
20072,3,,"{7317EF45-544D-4141-AFD97A6BB58F7B5D}",20074
20074,3,,"{D19F4BF9-3DBC-2842-B6D5D6B6AF55C58B}",20076
20075,3,,"{6DCE2A62-4207-304F-9662733FEEF2323F}",20077
20076,3,,"{4CAA8A27-1C23-B240-91CA3A863763C5D1}",20078
20077,3,,"{A6A51E46-5C50-2C4C-98D3DBA15075EBF0}",20079
20078,3,,"{435925A8-0689-F146-BDD76E4B372E9C57}",20080
20080,3,,"{B551BEFB-0B96-EA49-87EFCFCD60F36AB0}",20082
20081,3,,"{D4E7D726-CA7E-8B44-AA2D6BDED0D38371}",20083
20082,3,,"{9B8AFA48-4F96-D741-B832DF7D4D5145D7}",20084
20083,3,5,"{E8FE606D-1415-C94E-8570D8ED7B338255}",20085
20084,3,,"{B1661ECF-B1A7-0F43-B6C6D61316B820D9}",20086
20085,3,,"{5CBD187C-1282-C548-97AE2CB16F4D9C87}",20087
20086,3,,"{5E4F32D6-140C-B042-87E248B3E83BA2C7}",20088
20087,3,,"{2BC852C6-6F29-894B-ABDAC2AFA4CBB5CE}",20089
20088,3,,"{0D71C3E9-DF27-6542-A7B6E1DA51008ADC}",20090
20089,3,,"{7336009B-24EA-3049-B40B6C5422AF12C1}",20091
20090,3,,"{77D49726-C824-8F48-BADDF35C43141C0A}",20092
20091,3,,"{9407BDB9-8C02-CF44-AC08D888BAE29CB5}",20093
20092,3,,"{EDEE6191-3F7A-1547-8DA2D801CEDC0111}",20094
20095,3,,"{B243088E-33A9-0446-AEBBCD30C076E200}",20097
20096,3,5,"{F8E26A8F-A1DF-444E-A8CB099A0BDB5A11}",20098
20097,3,,"{E4D2D2C9-4B70-1046-BBC8095A538F8A34}",20099
20098,3,,"{75BCE215-7FB4-F440-9548A76152173DE9}",20100
20099,3,5,"{5EB01DD0-8D47-B144-A41C8F681B56AB94}",20101
20100,3,5,"{A40F2BB0-C5B0-1C4B-B34CC7513C31427A}",20102
20101,3,5,"{D17292AD-2C8D-E045-A82011C4363DEBBA}",20103
20102,3,5,"{31A8A224-D414-3543-992D901261CE46F8}",20104
20103,3,,"{721D48FE-C07A-AE40-949FC785F9DAD7D1}",20105
20104,3,,"{1D00986C-A7D1-1847-A9A85840277B5A07}",20106
20105,3,,"{389A312F-2B6E-9142-B787C23F51B16175}",20107
20106,3,5,"{1E41EB6F-ED38-5942-8C4A38838EEC96CB}",20108
20107,3,,"{CD1E3921-CCAE-7441-99ECCF1BD19DD99F}",20109
20108,3,,"{0E3C6AC9-CCBE-3A4F-AB9B3544CFB7ABE1}",20110
20110,3,5,"{8D1F9032-1C8F-DA4F-810217586E54CA15}",20112
20111,3,5,"{B946383C-ED24-8749-A26C88D3B47675BC}",20113
20112,3,5,"{4B3DCCF7-C489-DE49-A8A5F81BB23428F6}",20114
20113,3,5,"{A80BD76E-C931-7E44-819CFD3D45A6FFDB}",20115
20114,3,5,"{A18AFA5B-58FD-7D46-81A56190059DF6EA}",20116
20115,3,5,"{A46C15D9-12C0-A44F-B6EAD5DE4DE8A724}",20117
20116,3,,"{20AA577B-0308-F24F-9D97653DE8D5438B}",20118
20117,3,,"{85E61BE7-234D-C047-B64F77FE71E8DBBA}",20119
20118,3,5,"{6F07A200-1283-0B47-BDB160D77F8F5075}",20120
20119,3,,"{510034A2-2C60-C44E-8B5B1C7825B05C07}",20121
20120,3,,"{0ECCA415-5056-2243-BF7DECCC08A21317}",20122
20123,3,,"{E7FD79B7-0BAF-F440-9E465FB9234182BB}",20125
20125,3,5,"{04FFE352-8A78-E548-840506DD7986F769}",20127
20127,3,,"{22AB21BD-5A26-8E49-A73EE24180071F20}",20129
20128,3,,"{A5583131-F79D-6746-A50BA7A4F47B7D7C}",20130
20129,3,,"{558FEE1B-0366-3144-8CB6C089BB6499E7}",20131
20130,3,,"{122F40F7-6EA6-7540-8A6571E6FC5DF1B4}",20132
20131,3,,"{425C9DDB-6AC9-604D-AC6FE8A57C08B9E0}",20133
20132,3,,"{1E9B2212-A04B-B042-87E7A9BA1884ABD6}",20134
20133,3,5,"{67BEDCBC-FC0F-ED44-B5E1FB73A5866388}",20135
20134,3,,"{B090F396-E000-1841-9E229B962C865D32}",20136
20135,3,5,"{6C6729C9-EB34-9644-A4E2B1FB685CE6F3}",20137
20136,3,,"{D92C8E7A-664D-3349-90726B063628E69D}",20138
20137,3,,"{08A07833-73DF-D54D-993CF0E3C1126319}",20139
20138,3,,"{72062AC8-832C-EF41-A2D2165471DB8A12}",20140
20139,3,,"{DD382C6B-CEC7-3849-BC5E6AD5E5D4250C}",20141
20143,3,,"{8C71E471-D78F-CF48-AAC89A3AEBA22D61}",20145
20144,3,,"{C9794FBC-4392-7C41-B227EA77D927A64A}",20146
20145,3,,"{E995A090-B6FF-5C4E-BEBAEB386A5674E5}",20147
20146,3,,"{9C8DEAFB-14C9-C94D-B202E0793A1FD107}",20148
20147,3,,"{DB0FA546-90BC-0246-B421BF97BA5C5E00}",20149
20148,3,,"{7CE03C03-7371-374C-B1407A8D5D76E90A}",20150
3040,3,,"{75B0E31B-CC29-FC40-9DE669EA847D7A05}",20151
20151,3,,"{D2C4394D-E3A3-B344-AA0C5D3F1667500C}",20154
20153,3,,"{373B6C12-3BD1-5546-8DC91852183BA84B}",20156
20154,3,,"{799C68FC-2F2C-FF4F-A8A843D8DB7A2BE9}",20157
20155,3,,"{72CBF55D-04AB-1442-9C6A50B4B3458F15}",20158
20160,3,,"{3A73B709-BC44-A64C-A74DAFDB4B15AE63}",20163
20162,3,,"{364E8EA6-900C-0B48-9346D6FB9596BFB9}",20165
20164,3,4,"{966DA05E-5B74-A74A-99FE17FAD6681C31}",20167
20165,3,,"{0D02BB28-D915-C947-BA0C8AEF2167D1E6}",20168
20166,3,4,"{2CB3069A-AE6A-9548-B387F6392F8FF2A1}",20169
20167,3,,"{C86681F2-A5E2-2142-93818B6A3EF80BC9}",20170
20168,3,,"{11A3156E-121F-1C4F-9DD2FA8C982EBA5B}",20171
20169,3,5,"{5A794B1D-DB32-A24D-A2F04E3A10AAB4A2}",20172
20170,3,,"{9CFE1FFB-78CA-EC41-88A0E8735ADFB88C}",20173
20172,3,4,"{072EB2AA-C1C5-9748-AFCB5EE87A033872}",20175
20173,3,,"{E2640177-B65E-654F-8CD3F84E41195B22}",20176
20174,3,5,"{FB1A075B-B4AE-204C-8B765E6852BC7D68}",20177
20175,3,5,"{0635E34F-68B1-184C-BA825C886B2891D9}",20178
20176,3,5,"{A4FAEDEB-2E10-6140-8068D3517A0376D1}",20179
20177,3,,"{FA04D68C-4832-CA4D-AB642330759B9479}",20180
20178,3,,"{A9D705B5-14BD-DD4F-B5360D9CC85220BB}",20181
20180,3,,"{BE00350D-78FD-A345-854EC1909BD74BD9}",20183
20182,3,5,"{6D219F26-93DA-B140-8591CC8719BA41D8}",20185
20183,3,,"{CA1F7931-034E-244B-B9E8EEE533DC1F80}",20186
20184,3,,"{9F15641C-3713-4A42-87D82107604B092B}",20187
20185,3,,"{11D523A3-4DA7-7B4F-AD103CC61B26A222}",20188
20186,3,,"{C6DA6163-2E14-E845-8700DF15AA2ABEED}",20189
20187,3,,"{E8D8754E-77BC-104B-9036D28412BC2DEA}",20190
20188,3,,"{64E9E5FC-AE50-3D41-9D5A2F426C1DA9E3}",20191
20189,3,,"{04D207C3-1B86-5543-8224A49A96AF8D7F}",20192
20190,3,,"{CCCB20F7-3F53-C043-B95FAC893BDE66D4}",20193
20191,3,,"{1202E7D1-44F1-E44B-8B4EA0EDFA746467}",20194
20192,3,,"{743C98C1-F2FE-FD48-9366D9CDA6E763CE}",20195
20193,3,,"{AECEDB01-6FF4-8846-825FD91ED6CF8AE4}",20196
20194,3,,"{E810B7F3-C596-5244-8A4DFCD910B8EB95}",20197
20195,3,,"{8888661F-4461-3E42-8E3F24705AFB8C5A}",20198
20196,3,,"{E48FF284-F9E9-054E-80A016A1DB53E44C}",20199
20197,3,,"{B96860D5-91F4-7143-9B42383B121243EE}",20200
20198,3,,"{D412495D-723B-134E-AB3F2B0214B91353}",20201
20199,3,,"{000BBAC2-14A1-B34A-B51FD4D22035B57C}",20202
20200,3,,"{738D8663-8B0E-F342-A5AAFD5F55CAFC5B}",20203
20201,3,,"{3FDE5BB0-7789-E74A-9E5B9A24D0A9B862}",20204
20202,3,,"{FAC9700B-E07E-A044-B97922511DB57C15}",20205
20203,3,,"{6B149422-3C85-B242-BD1742EB62E88DB8}",20206
20204,3,,"{F26B9935-8B69-1E40-8782E4E8722DD525}",20207
20205,3,,"{4F958149-2D5D-D341-B06FEACDD6821776}",20208
20206,3,,"{1A6C2B1A-6BE1-7E45-BA1656F09E62816C}",20209
20207,3,,"{C857314E-863D-434D-B399BE3DD7BB0875}",20210
20208,3,,"{5EBB5FF4-BE32-5B4E-B92850BAEEE6B71E}",20211
20211,3,,"{59A99AE1-B50B-0241-9B726C158EC14FBB}",20214
20212,3,,"{56966477-9DE3-1946-B6B0DCC95CB712FF}",20215
20213,3,,"{371671AC-1658-964F-A287791BC6C82DD0}",20216
20214,3,5,"{371AF34E-FF99-404E-981B331A7B061635}",20217
20215,3,,"{18FF232E-AD6C-F845-A55E240881B56E93}",20218
20216,3,,"{A7A4197F-198D-5341-9E5F4D53C0016F92}",20219
20217,3,,"{8A3EBC44-D227-DF49-9DD061877A8E5D5C}",20220
20218,3,,"{DED26EAB-454C-B14A-A4763A90BAFE394F}",20221
20219,3,,"{41BF9551-C969-E84D-94612189103CBA31}",20222
20220,3,,"{3135EB49-AADE-3349-BD3DAEC7E16BB489}",20223
20221,3,,"{8024AA7C-6B7A-874F-A43B275F25C76FB3}",20224
20223,3,,"{22DAA2D3-65BE-E14A-91C4AA11756E5244}",20226
20224,3,,"{91AB138F-DFB2-254E-9B467B00DD1F5C3F}",20227
20225,3,,"{48BE9925-3F9A-234B-B7327131059A6EE9}",20228
20226,3,,"{B55C8E27-4B28-D54C-9C49A2F19175CDF3}",20229
20227,3,,"{8C764820-1B35-7C42-B754A1ECF551FA55}",20230
20228,3,,"{7266F70D-2FDB-874F-985D5D495738C896}",20231
20229,3,,"{C7FDC957-315B-C448-A2117890319C3A11}",20232
20230,3,,"{4067FB32-01D8-6C4B-BDF13485E47E195A}",20233
20231,3,,"{4D47F489-ECE2-DC41-BBB2A06E6DADD1D0}",20234
20232,3,,"{60B2E71B-6539-7B4A-B97FBBD46D32340C}",20235
20233,3,,"{5EDF4096-2565-BD48-B9A6BA89E7E4F388}",20236
20234,3,,"{C8F25330-732E-734C-82C46C9A78239528}",20237
20235,3,,"{731499FA-4DD6-774C-89EC76F76217D416}",20238
20236,3,,"{C0F03ABB-484D-1D47-BF3263A582467740}",20239
20237,3,,"{F5E13D65-F03B-0942-A2D72536A0F38E97}",20240
20238,3,,"{233DAA8F-6665-3946-84BD6C27B6BD47CA}",20241
20239,3,,"{E03E5988-3B2C-9844-8551A9FD8CD49A72}",20242
20240,3,,"{FEED58B8-9389-9A40-B02833F1CADCD963}",20243
20241,3,,"{B3190F41-3416-CE4F-A9A69CDF5CE4E042}",20244
20244,3,,"{45E1B98B-4437-5341-907D1B7D9A65CCCF}",20247
20245,3,,"{46385F62-14FD-1643-876EEA3ED1E519BC}",20248
20246,3,,"{D2624560-D194-E544-96F387E13270B699}",20249
20247,3,,"{924A1635-8894-C744-BF47B2B881407917}",20250
20253,3,,"{810733CB-E583-4C4D-9D76FC7BCB3FB87F}",20256
20254,3,5,"{971A183D-D56C-634C-97E4A90D7D9F8124}",20257
20255,3,5,"{01FA0F2A-5F10-AE43-9A279D7171D62352}",20258
20256,3,,"{D7CA31A4-E568-814A-A34D9875EDE0CA27}",20259
20257,3,5,"{A2340B4C-318C-3B41-947D17F3ABFC6C5A}",20260
20262,3,,"{46D1CB1B-DB6B-4344-8094FA61FE8F1569}",20265
20263,3,,"{C2EA9373-2A45-754F-B44D5EBC1093AA06}",20266
20264,3,,"{74E90430-ED17-7745-BE91099D05A3E2FA}",20267
20265,3,,"{BE01E66E-8850-454C-9DFB7147A93FA58B}",20268
20266,3,5,"{35EA9076-1CCF-344C-B9B16097A13261A0}",20269
20267,3,5,"{90D8F0DB-AC88-3F46-8911A94C6572B40F}",20270
20268,3,5,"{BDAC58EC-FC41-1C4E-A8EFCDBB0F3E2C1B}",20271
20269,3,5,"{BC061E6C-B390-2E4A-B4CCA5C7AED154F2}",20272
20270,3,,"{0426F7B3-30C0-8D41-8F68D5F21C1D93C5}",20273
20271,3,5,"{0EF897F7-37F8-7248-BAF2077CAC5C8538}",20274
20272,3,,"{27D04014-3AE4-D746-BFE247259496D592}",20275
20273,3,,"{CD210CFD-3C28-ED45-85B690916FC8E51A}",20276
20274,3,5,"{4211D5A5-28BE-A44C-A24318851C68A9A0}",20277
20285,3,,"{74D8D6E2-7A7C-D746-96AE2F7D9EC308CA}",20288
20288,3,5,"{458F72BF-5C76-2443-A68E07B6F7BEB00D}",20291
20289,3,5,"{FC6F1310-FF74-D348-BC9D204B7649C7A3}",20292
20292,3,,"{8A0D53A3-F1C1-CA43-B17C1150B4DA491F}",20295
20293,3,,"{7B896B3B-CF91-514F-96481090CA23993A}",20296
20294,3,5,"{BA158943-0CBD-B149-9E4CD8CB07C4432A}",20297
20297,3,5,"{E524B6CC-F742-CC4D-BDACFD7B249574F3}",20300
20300,3,,"{33462B87-C605-5847-AE54CD2E42D7AB87}",20303
20301,3,,"{5400EB7E-CE5F-574D-88243F3F5224A774}",20304
20302,3,,"{EAA3DD2B-CB00-804B-B117FFEB6835C7E2}",20305
20303,3,,"{E977209C-EBA6-1848-A0C9240E0817D0F5}",20306
20304,3,,"{97AA58CA-E434-B545-A1C15B13538E1D34}",20307
20305,3,5,"{47457E06-52F5-DA40-85661C2C86E345EC}",20308
20306,3,,"{58BB9610-4F01-8D49-A19AAB0005A516B6}",20309
20309,3,,"{29407CEA-74D6-8848-8595E2EE748CAB63}",20312
20310,3,,"{1BEE616C-A4AE-7447-AF7CBF8CB024F07A}",20313
20312,3,,"{C632E310-077C-E24E-9911B3465AC526D4}",20315
20313,3,,"{5084C3AC-95AF-AA4B-899CF4E84D2145BA}",20316
20316,3,,"{308F51C9-83BC-F34D-975F1E05E30B6D0F}",20319
20318,3,,"{C3FFB397-8CF3-BC40-B1AE8B8618D37380}",20321
20319,3,,"{D4574348-DEA1-1A42-9EC116BB9E8109FA}",20322
20320,3,,"{A3807ECA-1B42-9845-8F8D643B2FCA50DD}",20323
20321,3,,"{8D058FE2-2F8F-D946-BBCA1511F3922C29}",20324
20322,3,,"{24084DF9-2254-5A4B-9A613F7C606A3043}",20325
20323,3,5,"{800E7B53-A669-4349-87EB887BE1DD902A}",20326
20324,3,,"{2C6CB82C-20AF-1E42-884E4710E42DB997}",20327
20325,3,,"{4DEE5E7B-B6F2-FD4E-94B0B62693E78522}",20328
20326,3,,"{EA93D689-3F3F-F645-92408C45A2DAAD7F}",20329
20327,3,,"{FC5EDC32-D417-EA4C-81E44666145F4877}",20330
20328,3,,"{3252A29D-6A37-2648-BD21C042EE83E49F}",20331
20330,3,,"{25B3DCEB-0D91-7642-BA1939499BF1F154}",20333
20331,3,5,"{C63E2529-95EB-D147-8E90860A48FF39D9}",20334
20332,3,,"{F041463C-C66A-7744-ABE0058D8ADFAF2C}",20335
20334,3,,"{1828F130-CFF0-1D48-893BDA62078B8FE3}",20337
20335,3,,"{5CEE2C7B-FDEE-4343-BA82A66B7E9E6FD0}",20338
20336,3,,"{896BF238-1EB3-624C-83947A02ED655F1B}",20339
20337,3,,"{ADA9F082-3752-9F43-8F21C9281217E51A}",20340
20338,3,,"{4D0BAD08-4864-2946-BCF907F1173ED3DF}",20341
20339,3,,"{B50279C2-3614-1242-A34BF0F27BF152F5}",20342
20342,3,,"{05C5BCFD-8212-3846-AF119B0381B18701}",20345
20344,3,,"{F9E8DBE2-BDD3-7442-A61FF7B7CB41EFD7}",20347
20346,3,,"{B86C7662-CF35-9D40-B28F66CEE294E7F0}",20349
20347,3,,"{8FA035AA-A9EB-214B-82D100CD3EAC4D74}",20350
20348,3,5,"{A90E19A6-FC00-EE4F-940F298725B9E93C}",20351
20349,3,,"{952D6135-CF2A-ED4E-8D2ECE796DB74958}",20352
20350,3,,"{E7ACF6F7-90BC-3E4C-821086A2483F7E07}",20353
20351,3,,"{4E1413F3-8008-A948-BC2D6EB06A4691E4}",20354
20353,3,,"{6535A7B7-2447-3A41-A0A3F3C86364621C}",20356
20354,3,,"{5A41B3D7-FEC7-AE44-A190BA5072D3C4F9}",20357
20355,3,,"{B8978C13-4921-B04D-BD69F52EA33A7AEF}",20358
20356,3,,"{21570031-7F37-BD42-80FE67DDFAB422B3}",20359
20357,3,,"{F105BDAB-03D9-C141-8E2D9765F24549B0}",20360
20358,3,,"{D1FAC0A0-897C-474A-922F9D73ACB708A9}",20361
20359,3,,"{FE892598-E828-BA40-AD0A8B030F4B97D8}",20362
20360,3,,"{32BCD014-7C4A-D541-B4B8D9D010407FE0}",20363
20361,3,,"{640690ED-D4B6-A04C-B60A3D225BBBC573}",20364
20362,3,,"{B3D1EB51-5CA2-EE41-A5D850C3819364D3}",20365
20363,3,,"{F9D9E91A-D246-354B-B581D9CD351A919B}",20366
20364,3,,"{5DF9C368-079C-9245-85AAE616A4CE359A}",20367
20365,3,,"{BE58FC4A-A36A-0E46-8F8D8902D12A9DEB}",20368
1340,3,,"{2BA12CA2-1BBE-0742-AADF8EA6B625B694}",20369
20366,3,,"{04928A77-EB55-2E4A-BC7E942FF06746CA}",20370
20367,3,5,"{218C29AE-4BF7-E943-9E53B42CE287857F}",20371
7010,3,,"{A0B9FA94-C526-B04D-9664B66D83148CAD}",20372
20369,3,,"{4BF31424-52F2-084F-8BF74C6266E97FB2}",20374
20370,3,,"{784C4EC5-31A6-6344-9E10F3A55995EE4A}",20375
19931,3,5,"{4FF61873-2043-2E46-AA9F98E8EDAEB412}",20376
19934,3,,"{DC2A4429-7561-B644-A41D24FAE354A3D8}",20377
20371,3,5,"{19B58C75-7EE8-884B-80BE28A34B000C7B}",20378
20372,3,,"{6D1A3BD3-4566-214B-83F2ABA461A3919D}",20379
20373,3,4,"{333D28C9-578E-8649-90FDADDBDCC88BD2}",20380
12562,3,5,"{8EFD2DFC-6901-BA44-A7F203FC47C1F15E}",20381
12546,3,5,"{2A8E3A37-2674-7441-A506FFA25B1DA2FD}",20382
9555,3,5,"{B82674B0-8777-4B47-8679168AEBC803FF}",20383
9460,3,5,"{927DF789-6644-2D47-BE632B0525071407}",20384
2560,3,5,"{DC69DE6D-DEE4-3B41-9B2878C2D488BF36}",20385
2470,3,5,"{E95F7752-B272-D247-A45F50B83E40198F}",20386
2450,3,5,"{0812A809-E696-354B-830AB49F2CAA198D}",20387
2370,3,,"{0CC5D590-92D8-6048-B9EA69978FA21ABC}",20388
2255,3,5,"{5AD3E355-1AF3-134E-9AFEB1656482751D}",20389
2160,3,5,"{DA6CB8F0-6F2C-0E46-9DAB36EE22B9F5DD}",20390
2090,3,5,"{C0F26B19-21FA-0340-BABC9552572E9190}",20391
20374,3,,"{1713B173-CD42-004E-808539687E0733E7}",20392
20376,3,,"{F8582CE2-7EC6-7E41-BD8C173B485C9C3A}",20394
20377,3,5,"{5214C45A-5379-4B43-AEF482D5C5F7317B}",20395
20378,3,,"{D5125C4B-8430-F14B-939D838EF2AC27A2}",20396
20380,4,,"{121C8CF6-9BC0-6C4F-96935CD070B66F63}",20398
20381,4,,"{96168D13-77B6-4F45-893AAA2A0A1E965D}",20399
20382,4,5,"{9DED09FB-97A3-FA49-8942F22C31CB0F1F}",20400
20383,4,,"{726963CA-A044-F342-B2A70400EA166C4D}",20402
20384,4,,"{82C394C0-8EED-D84A-8E26B49139260951}",20403
20385,4,,"{5FCEAC8E-78E4-B548-B5D99B0E879ECEE4}",20404
20386,4,,"{3EBDED82-BF3E-884A-B0E370C212981032}",20405
20387,4,,"{8A8FA979-2987-174C-865B9DF4794983FD}",20406
20388,4,5,"{906AC8CE-8D5B-2646-844883C67E3BF6E7}",20407
20389,4,5,"{A06A0054-3D2B-894D-BC5E9096616B042A}",20408
20390,4,5,"{4856A94F-C930-984E-8D736D96D6B5D2DE}",20409
20391,4,,"{BF8C63AD-23AE-6542-B7770CCB1F1E7D68}",20410
20392,4,,"{BA8417EF-1E5A-C04F-9D4E6802BFF65CA1}",20411
20394,4,,"{1B11EFDF-44F9-6244-A8B9169A484578EE}",20413
20395,4,5,"{69E3C090-51E4-6841-94EBAFEFC1BD5224}",20414
20396,4,5,"{AA04D645-CE91-C943-A8EA1C9194828AE5}",20415
20397,4,,"{E389DA2D-5EF6-414E-A92E9D6A74DEC908}",20416
20398,4,,"{536035CA-6A45-294F-958050707587529E}",20417
20399,4,5,"{8FDA569F-089E-5748-8BD208B8194EBFD1}",20418
20400,4,,"{EAEA5F38-C9DF-4E48-895C138EC7D1ECB5}",20419
20401,4,,"{BE5B91D1-2B66-FC4B-B997F98EA37B4003}",20420
20402,4,5,"{70CC4C4F-2A68-7548-A4D9E6409B4C1265}",20421
20373,4,,"{3EB961B9-AF4F-704E-AF6352C4F502E1D9}",20423
20403,4,,"{9C972352-F32F-724B-BECDB2387509F588}",20424
20404,4,,"{EDB1EFD3-4D22-AC4C-A006B4BCBA3E60BA}",20425
20405,4,,"{A1E83E02-A476-4B4C-BB827097B00CD0D4}",20426
20406,4,,"{5BDABCFB-E12E-1D4C-81795646B6DF6D12}",20427
20407,4,,"{1FF73DBC-EFE1-4744-83EA82CCFED094D8}",20428
20408,4,,"{4D18CFC2-CF19-3045-B61FC5F5A81B17CE}",20429
20409,4,,"{A96EDE07-4BAB-5046-84B3F48E36547966}",20430
20410,4,,"{AD7E44C6-E4F5-0C4E-943586909BA53A6B}",20431
20411,4,,"{E64BBC29-0F04-7B4E-B7F3245D4C1864D8}",20432
20412,4,,"{D0CF4B01-5FAA-AD4C-879CE4958418E804}",20433
20413,4,,"{13267214-89DB-DC48-818075A7B3B571C4}",20434
20414,4,,"{99DFBDA9-1476-2142-AD2931EDC6E04C35}",20435
20415,4,,"{DAE1D9FB-726A-3240-976A41C0E6BD5B10}",20436
20416,4,,"{20A3D69A-846C-2F49-9B7595880B6D1618}",20437
20417,4,,"{C7E4EDC1-89D6-D04D-850D95D90990A3E7}",20438
20418,4,,"{FDA8F387-DC9D-AA48-AE23F64A6BCC1B9C}",20439
20419,4,,"{8D8EAFC7-1839-9F4B-A8786F361D16B265}",20440
20420,4,,"{26E6C8C0-F5BC-724A-B1BC8C75482785E0}",20441
20421,4,,"{BBFAA4ED-79B2-154B-AF5A06592ED108A1}",20442
20422,4,,"{2CCF50CB-62F5-9846-89440E655D773524}",20443
20423,4,,"{4DB6D8D3-3584-2F4A-BA9F68AC5D95B3DC}",20444
20424,4,,"{53AA2F5D-66E5-8A45-84A2300AEE9D1F5F}",20445
20425,4,,"{473537A9-19A7-E241-A36D68196E1D0D35}",20446
20426,4,,"{95EFFE63-C51B-374D-8CB6F8FC82D2ECFF}",20447
20427,4,,"{060FE4DB-688D-F14C-B1017F23557B3D3A}",20448
20428,4,,"{875C3CC3-847F-3549-B54F0F19ED47019E}",20449
20429,4,,"{8CB09418-AE13-C742-90C7C042F1A8CBD2}",20450
20430,4,,"{3DDAA784-6475-4B46-83B4630976D7AAEB}",20451
20431,4,,"{7B7C7C93-8ACA-D44D-814DDC80EB072D12}",20452
12801,4,,"{054151B7-7556-4942-A1BF582502829D9E}",20453
20432,4,5,"{865E61AF-69D5-0C48-BFE91D1757F3DB4E}",20454
20433,4,,"{46141AC1-1810-5D40-BF263F09AE70A751}",20455
20434,4,,"{A108BAB3-4258-AC47-8F685DB79F240C7E}",20456
20435,4,,"{ECE74EA1-EDF9-CB4C-AF849E5B61A44D29}",20457
20436,4,,"{1634D7C4-03F0-854B-AFCE11D53654E6FB}",20458
20437,4,,"{F44E2E8D-E302-134A-9DBB948A0964F157}",20459
20438,4,,"{A4EA1005-A9B9-EB4F-B6DB29AD6352A4E5}",20460
20164,4,,"{9571B806-8A3E-9A43-85F1530EB9AB0F3B}",20462
20440,4,,"{7C30203B-CF4A-BE49-B5A55C35AB634E77}",20463
20166,4,,"{F866B6CB-063E-5343-9781BCE54BBB155B}",20464
20172,4,,"{18C7A87D-4EFE-874C-A55E0CE331F13DD6}",20465
12765,4,5,"{2EC449C7-5A6F-D742-BDC9EB65F85CFFAA}",20466
20441,5,,"{C84803B4-A0FE-1740-B2369EE9499E51FE}",20467
20133,5,,"{A865CB39-2F1F-6C41-847C03E6C604E77D}",20468
20442,5,,"{E2A315EF-1CDB-8442-A51EDF3B5F46A0D6}",20469
20443,5,,"{C3DE42DE-BB85-4141-99A4DE250B2D5F56}",20470
20445,5,,"{EEADBAFB-5B7A-3749-8CD93D7C63A8ADE8}",20472
20446,5,,"{630E521C-FABF-EA4E-8F63D37DD9C8FCD1}",20473
20447,5,,"{36DB9016-8C34-704E-A6FBB8F9EC067743}",20474
20448,5,,"{9E544804-4FA7-E44C-A016DF0FAB2DA002}",20475
20449,5,,"{D144B1C1-3226-B648-9B754C9D22E22644}",20476
20450,5,,"{A2E56082-C269-A04A-9218922533B5F157}",20477
20452,5,,"{7C6960FA-9995-5A40-A36AE84C17E85AAC}",20479
20455,5,,"{62F5E8DA-A5E9-E744-93E04E1DB603B69C}",20482
20456,5,,"{87DDF0B0-2A62-0642-81D30A3E20DEEFDB}",20483
20458,5,,"{4D597297-3977-8A4C-8F27BBD1A873306F}",20485
20459,5,,"{CA92965A-417D-D04F-B16AD504B0B14D8E}",20486
20460,5,,"{58F87B3A-3220-8B4A-89919413536BCBD2}",20487
20461,5,,"{4E54EA88-A79B-6441-8E21394B01017B04}",20488
20462,5,,"{2015AFF0-4831-F84D-952E955CD4A2EB41}",20489
20463,5,,"{4E204A47-BDC3-A948-9412A1D76B7266C5}",20490
20464,5,,"{40A11612-2A89-F342-84882A8D968C8C0C}",20491
20465,5,,"{07000DFF-835E-AC4B-9F867D0FE8230A3D}",20492
20466,5,,"{85A3F5D7-B7A5-4342-887C7B29325EEEAC}",20493
20488,5,,"{16529130-B2A0-E040-8881676CDE8DAA89}",20515
20489,5,,"{0F83D1A0-A02E-EB4D-AFCAFF01BE7F8404}",20516
20491,5,,"{004A7967-47F0-694D-ACECFDC6763C60F0}",20518
20492,5,,"{A30982D9-D088-D647-A56BC876F72DF91F}",20519
20493,5,,"{B6780BF5-7C2C-5E48-9F86A006E3A667F9}",20520
20496,5,,"{B7F024DF-FAA6-9347-8783D9EEAA52F225}",20523
20497,5,,"{38008D1F-B5BA-8544-8D593DD11FAE8458}",20524
20499,5,,"{D183082A-092B-B349-87BF2DA10899F443}",20526
20500,5,,"{634AE965-0725-174C-AC0F693669AB09AC}",20527
20501,5,,"{1B2A96F6-E2CF-644E-8230241AC2817313}",20528
20502,5,,"{633A9019-2AF3-CD4A-8953C2ED3F11B714}",20529
20505,5,,"{3C929ACB-DED4-4044-B4EE32786737DD0A}",20532
20506,5,,"{B9AB017E-2E9C-9149-B1645DF7884C49B5}",20533
20507,5,,"{720DF462-E5C6-EB44-A192760BBA66A5D3}",20534
20511,5,,"{95032D10-637B-D84D-96FC16B83DA3ABD6}",20538
20512,5,,"{0F301B53-93B4-884B-981469C64800C159}",20539
20513,5,,"{7C0833F2-45F6-B54E-800A26F551822DED}",20540
20514,5,,"{2FF72CBD-8199-1D4F-82E0AC4B0E03BDC1}",20541
20515,5,,"{34E3CA2D-C41D-9545-9DFAE5330FD2D34B}",20542
20516,5,,"{570E122A-8E1B-654C-941CD43B37960350}",20543
20517,5,,"{69D6526F-5F3C-5A4D-80B1CADA32EAD986}",20544
20518,5,,"{47D30C2C-91FC-404E-8619DF29AE619212}",20545
20519,5,,"{35F57924-D32E-A640-BC4358034C71595A}",20546
20522,5,,"{1ED1F3F2-2CFB-964E-B8B06570F944932D}",20549
20523,5,,"{1B26EE70-D3C8-5B4B-848A36A3123D4D4E}",20550
20524,5,,"{4F0447CF-A471-A24A-AE53178F4EA64266}",20551
20525,5,,"{AD84B8EE-9BB8-B548-988693BB88CF4FA4}",20552
20526,5,,"{9A4D5F6F-37D2-6441-B1E5ABE78B93C0A4}",20553
20527,5,,"{70154B2D-D9DC-2D49-8961EEA2392A89B6}",20554
20529,5,,"{4990F0C5-4867-7A43-9F6A53C5BC4CB369}",20556
20531,5,,"{A48507B9-C010-F04A-863BC629E14B0254}",20558
20534,5,,"{35DE2AFB-D7F2-0746-99022B34646CBE74}",20561
20535,5,,"{8EA7DED9-2A7C-E844-8BF02E73F95EFC31}",20562
20536,5,,"{8599DA21-C6D3-5C47-ACC8F85027874F46}",20563
20537,5,,"{13F57AA4-CC81-AC44-8A2225E736172C01}",20564
20538,5,,"{E84D9938-09C9-4D46-851D3C7AA712F9F5}",20565
20539,5,,"{391A24ED-8B6C-2348-B279DC33CEAAA840}",20566
20540,5,,"{3B0D4CF9-37CF-D440-A20B893935DA8F09}",20567
20541,5,,"{2A27AD0D-1EEA-C046-BE9741AEFCB7E83C}",20568
20542,5,,"{308F8B2A-C9B0-D248-B6990FFA717CCCE2}",20569
20543,5,,"{F56552CF-9C2C-DB4F-A0393F432EF6529C}",20570
20544,5,,"{61229EEF-8716-EB45-844ECAE3741FD8A1}",20571
20545,5,,"{1F7A6B92-DD54-574A-9B34037CE4A66922}",20572
20547,5,,"{E61CCD6E-958F-6F40-AC4768CD54E01A74}",20574
20548,5,,"{540F03DD-8264-E74E-A8A9DDC0455B45C6}",20575
20550,5,,"{440EA5CB-BB9A-434E-86B665FF42DA9F65}",20577
20551,5,,"{E653BCCC-66A9-014F-AFAE14B08878B193}",20578
20552,5,,"{D66EAA8B-8D54-D14B-933C18ABFF031B33}",20579
20553,5,,"{56ABFAA2-CEFE-C347-8CB9983BDA40D6EC}",20580
20554,5,,"{8DB4077E-6BC1-D041-A852CCD6892ACF29}",20581
20555,5,,"{DFE92769-2F92-034C-8AB3D9444A6C4AD0}",20582
20556,5,,"{5F68BBBE-E163-EE40-A7C9242E00039B62}",20583
20557,5,,"{534B49D5-89D1-394C-90A451282E619528}",20584
20558,5,,"{6AA9E6F7-7348-0B4D-870EC2B51B0C80D6}",20585
20559,5,,"{1BE8288D-152B-3D40-B3BCDC12BFD6D4E1}",20586
20560,5,,"{1C8F4193-612E-7D45-A169ED135157CECC}",20587
20561,5,,"{AAD05EC7-3168-E14A-BAAAA74EAF9237A4}",20588
20562,5,,"{53EC0E67-1664-2745-A67ADE297A778077}",20589
20563,5,,"{95AC9AF9-06BE-5E46-9A460FF9CC14654D}",20590
20564,5,,"{A8B25C33-2D03-134F-89888464E8C1E618}",20591
20565,5,,"{00BA5F28-8793-254E-BB1E16CCEB110D4E}",20592
20566,5,,"{9E189F1F-678F-0F41-83CB61F9709CFBC5}",20593
20567,5,,"{9AA47477-FC79-7640-A72CFF4C6388D751}",20594
20568,5,,"{810F3A5B-6047-3D4F-8720BD0486F98BB5}",20595
20569,5,,"{825CFDD6-BC65-EF4D-BF4725C92D5E9735}",20596
20570,5,,"{C688B8E1-492F-0949-A2BC6CF3F6D200CE}",20597
20571,5,,"{8AFE23D7-C8CB-4C48-843E70C1DF68C557}",20598
20572,5,,"{4B71491B-A2DD-E84B-A1C1FA0FB09700F8}",20599
20577,5,,"{A92B1777-3D48-F945-859242A174BFDDB8}",20604
20578,5,,"{9112699B-4239-BC42-892CEECEF97B9CCD}",20605
20579,5,,"{F86126A6-F871-F64E-AFC733246DDE6E2F}",20606
20580,5,,"{3DBFE1BF-2F37-9D43-A17AE5A3A723555D}",20607
20581,5,,"{1260C8C2-C3C6-7845-8AD3954E6A219FBF}",20608
20582,5,,"{9A242C55-E9F4-8246-B8ABEEF043ED96B8}",20609
20583,5,,"{87EAC501-19E0-324C-BE2993C8100D2F6D}",20610
20586,5,,"{C9B5842F-47D1-1142-BDF44F1B30D0D61B}",20613
20102,5,,"{C78A04BF-1BD9-4342-98261EB3AD9ED443}",20614
20589,5,,"{42C8938D-A923-FA49-A0C561B03439C2E9}",20617
20096,5,,"{3CACE1FA-68B2-644A-B4A4245D3B1F75E7}",20636
20115,5,,"{260A91DF-D42E-7240-8C78DF1C26086B5E}",20637
20110,5,,"{7EAE4331-9470-674A-95856E0990FFF94A}",20638
20111,5,,"{965D5B62-1691-8840-A903639DB209107D}",20639
20323,5,,"{605C032F-F1B0-7142-A5E2DD92DB815297}",20641
19986,5,,"{F10E3A46-E665-9146-B983F3DE2BBE9514}",20642
20036,5,,"{A09BD97F-0F02-9945-83E152FF31916313}",20643
20059,5,,"{600C2C7B-298B-DB49-A80F5499284AA1DF}",20644
20135,5,,"{D2C98B97-0D21-DF46-AA5FBD24D8A2E7F2}",20645
20113,5,,"{D9375587-809F-CD40-81EE083AD9C2FDBA}",20648
20608,5,,"{5FF2FBF1-8103-6146-968CA7255F645A36}",20649
20610,5,,"{E84589E4-FAC9-7540-9C791D7AB0201548}",20651
20612,5,,"{E42FD94D-CD94-3549-96352CD1C5530197}",20653
20614,5,,"{B0F8E6DA-4473-FC45-B8ACBA19C02BD8C9}",20655
20619,5,,"{97A0E839-7D18-B14A-BE9C53121091AA99}",20660
20620,5,,"{06FA320F-5F3F-0C48-9DC9F771AF70E6CC}",20661
20621,5,,"{3AD982B3-2A02-8248-AE2306ED2D7F5B55}",20662
20377,5,,"{037DE427-CB62-DA41-BFF7DE4A38A201C8}",20663
12804,5,,"{09D61E34-31A8-654F-94619D83BD9E2088}",20664
20622,5,,"{4E12DAB3-9B07-544D-A305960893286008}",20665
20623,5,,"{570B2FE8-1FAB-4347-BE8D3F9E750AA177}",20666
20624,5,,"{9467D128-F4BC-7446-8EFF8252BF062DD0}",20667
20625,5,,"{E7B53AD8-3C17-FF48-AD42DAE2F68669EA}",20668
20626,5,,"{AD7418C1-2346-9E4A-A2DDA80A97F733FF}",20669
20627,5,,"{8993EEB1-0B6E-3C4C-B63C6FF8B549AEF2}",20670
20628,5,,"{F9ED2A13-451E-4145-A2B9CC04DCAA464F}",20671
12686,5,,"{157F1EB8-B875-E84C-BDC044B36F88B3EE}",20672
20630,5,,"{092EC09A-CE4E-7F41-BBEAAC2F404B2F67}",20674
20631,5,,"{3604DD5F-7550-504D-9BD0AE86C3C439B7}",20675
19867,5,,"{A636EBA3-0C55-D846-937D02A4164F84BC}",20676
12765,5,,"{142A2E54-8862-AD4C-AE989C3AAD569CDD}",20677
20174,5,,"{897CA045-AAD9-514F-81F6668AF0A9B9C5}",20678
20176,5,,"{49C25622-578E-B641-869423E65A747A8F}",20679
20175,5,,"{5DCACA19-AA7C-A24D-80204EC05177FD63}",20680
19931,5,,"{0EFD5718-095C-6348-899C033E3613FB31}",20681
20382,5,,"{4F4066D7-47FC-D640-9D92A08C1E43E797}",20683
20633,5,,"{DB91C1ED-921B-D147-BBFB436C7FE78BE3}",20685
19879,5,,"{B7067783-5547-5C40-B4D4B98F18B8D594}",20686
20634,5,,"{11BE07F3-F994-7541-8C41A5785B38DCA2}",20687
20635,5,,"{35BF7608-B4A8-1343-9EC9090F74C81FA0}",20688
20636,5,,"{04B2F730-99C3-5141-A9D7E9AE5134392A}",20689
20639,5,,"{97DC2DEF-3C18-144A-A19385B0976853FB}",20692
20643,5,,"{F6EEB1C6-550F-1E42-873EA984515AA82F}",20696
20644,5,,"{23786120-940F-1643-94AC67E5CCF644B6}",20697
20645,5,,"{D9C611DC-0359-904A-857B4C7724CA45A4}",20698
20646,5,,"{32145490-715D-ED44-BEA3ABDA96F8BD63}",20699
20647,5,,"{A5DC4112-BCFE-C04B-939DD2C47BF46E96}",20700
20648,5,,"{29BD7478-1DDE-2A40-9D1EDF26A70C61FE}",20701
20652,5,,"{57D0A9F9-7320-2847-AC00E07A56E7B839}",20705
20653,5,,"{E0062E54-3A85-F44D-985C426C8FE2ED4C}",20706
20654,5,,"{602E48D2-0AF3-9A4D-A9CCAF3D6C36D3F9}",20707
20655,5,,"{EE30F7A5-2474-5447-842A426E64ECEEEF}",20708
20656,5,,"{0E43F0F8-0A0E-0C4C-860BA2E813E43E0F}",20709
20297,5,,"{2EEBBE55-B353-EE4F-8F96B1CD3FD77A68}",20710
20657,5,,"{656D7EDC-A368-B144-8A1BE88C3185B3FC}",20711
20658,5,,"{3912F8B8-2649-504C-8EB234B57B6B82F9}",20712
20660,5,,"{67D3D8F8-1F67-564D-8CCE3E41AFB87685}",20714
20661,5,,"{52D17A28-10DB-8943-BB52FA6A4A4E17AF}",20715
20662,5,,"{73AB938E-6B49-8248-AA6484D4E42375C3}",20716
20663,5,,"{3691533A-5B7C-DE4B-9F9A63BCB784AF6A}",20717
20664,5,,"{3F41452C-CFBC-5D44-8DB5DD4ED88B4EAF}",20718
20665,5,,"{3E144418-8B93-2841-8A8A3EFB2AC57487}",20719
20666,5,,"{DE2F40DF-1A7A-3F4B-A1B18454EC7D5B0E}",20720
20667,5,,"{F133247A-BF15-CB47-AF051EE0AFBC94DD}",20721
20668,5,,"{882CE880-1035-514F-8642B6F57FCFF5B3}",20722
20669,5,,"{7A6F16F0-D8C7-6E41-94CF73CB12A59BFB}",20723
20670,5,,"{19A08E56-EFC6-874E-9A034A1C4BADEE72}",20724
20673,5,,"{8C4BF3A1-93C9-7347-90F3AB3C79AB9148}",20727
20683,5,,"{D79FD8DB-CE7F-784B-AB1132DC87A4FB12}",20737
20691,5,,"{98CEEA00-0AAD-5E45-8686FA00BB02D9C9}",20745
20696,5,,"{4FA8D97A-C168-8B4B-A6E973220A2811E1}",20750
20700,5,,"{53BFC932-8794-A648-82A66A060063EBA0}",20754
20707,5,,"{B5CF5DAB-44A0-814A-82AACC696080F2C6}",20761
20720,5,,"{6D9F00E2-7AD2-334C-BAADDDBE6E263450}",20774
20730,5,,"{BBB95985-1F3C-9242-8EC52FF389E6D52D}",20784
20731,5,,"{0CCA248B-2E9D-8145-B7D7A4170D917E4F}",20785
20732,5,,"{2C7F5B62-17BD-3444-9D20FC4AE3D1438F}",20786
20733,5,,"{4BC913C9-205B-0C44-9F505E41BA54F086}",20787
20734,5,,"{066686E5-3AB1-764F-A797F7B7AC62BA2C}",20788
20735,5,,"{7426E6CD-E9E2-B54E-B4A9C197BB75D6C9}",20789
20736,5,,"{43F895A5-484E-B546-BF38A2F5C6B9DB9B}",20790
20761,5,,"{C868A1BD-9099-6F4F-9631B7FE02CA5720}",20815
20762,5,,"{FE37593A-EDA1-2348-9AB4829D1B0A398D}",20816
20764,5,,"{B64A3985-103B-854E-909B785BBF7AE166}",20818
20765,5,,"{3196C05D-74D5-224D-8A7526E0A2963D31}",20819
20766,5,,"{88C2BAC3-F4DD-B54F-825AE538406729D5}",20820
20767,5,,"{45C95B6F-6605-E245-A8BFB5EC63C545A8}",20821
20768,5,,"{23229444-3997-8446-869E31D8FE886B06}",20822
20769,5,,"{343BA2FF-5EDF-E648-906CF9320BED02AD}",20823
20770,5,,"{2481C972-A7D7-3F45-80317AF57E356CDE}",20824
20771,5,,"{FA67C7B1-63A5-8842-91E0B93177B09D8B}",20825
20772,5,,"{86D7FFD9-A660-7E49-AB861D73F6E1E633}",20826
20773,5,,"{A7CB922C-058B-5142-B393879CC8EB9265}",20827
20774,5,,"{ACC14B64-1731-2F4D-ACE77BC68ADEDE58}",20828
20775,5,,"{540F2412-531D-2740-AB2E53662FFAA396}",20829
20776,5,,"{17C9737F-805D-654A-B03C256F636EF312}",20830
20777,5,,"{227AA440-69D6-A743-A453A7BC29346B43}",20831
20778,5,,"{A22E24C6-4875-334B-B375C539C26D3613}",20832
20779,5,,"{4DC966AC-8AA3-5242-AECABAA251DA1294}",20833
20783,5,,"{F8C126D8-27F4-ED45-BE527881DBE24989}",20837
20784,5,,"{2BDC755D-15E5-B44B-B5103E679FF0FCBF}",20838
20785,5,,"{C783E945-1EF9-714A-A19CD7DA6C0A0989}",20839
20786,5,,"{2456F226-9A69-C943-947D3558160394B0}",20840
20788,5,,"{F67BB168-843F-1C45-B926826ECC0761BB}",20842
20792,5,,"{26883C90-19D7-704A-AC9F8147F12AE72C}",20846
20794,5,,"{EEED3ED4-2B21-6744-AE84B48A397C9A1B}",20848
20795,5,,"{2610C4A6-9A93-694A-990212397DA59BF6}",20849
20796,5,,"{397721A3-8DC9-7947-9CC4583FF92FBE07}",20850
20797,5,,"{16ADCBD7-2D82-2943-A6A4BE4898ABC8D8}",20851
20798,5,,"{DD1C071A-CEEB-5D47-B65164B645FEB466}",20852
20799,5,,"{3E7AC87D-256C-A841-8E97385CD815194D}",20853
20800,5,,"{C465A7B8-CF07-3244-849F461B817F96E2}",20854
20801,5,,"{B6E35C63-839D-FF47-BB63023800076F3A}",20855
20802,5,,"{6666F1EE-5F4A-974C-861C93461BFFACF5}",20856
20803,5,,"{348D51C0-A9C5-7F4E-A7388A04195AA8B9}",20857
20804,5,,"{1B4E65B9-5A23-2447-B842074B723C8A0B}",20858
20805,5,,"{7051908D-B9E8-F54E-B05053BFD2946353}",20859
20806,5,,"{8D7A6C19-64E8-294F-8407B163F715004A}",20860
20807,5,,"{B2BA9B8D-F61E-5740-8075CABBA25B0BDD}",20861
20808,5,,"{7A78739A-2D4E-1E46-84CB324108385B1B}",20862
20809,5,,"{3B32D4F3-D431-794E-A599BEAC80228489}",20863
20812,5,,"{78D2C9C1-A74E-C24F-8EF866A00C6839E5}",20866
20813,5,,"{55E0A491-5E87-324D-A839A663DFCB1ABE}",20867
20814,5,,"{0FDAB6DF-9A03-404A-82FE29A361E4A9FF}",20868
20815,5,,"{56FABEE4-B093-184E-914C8FE28094FA59}",20869
20816,5,,"{1C987AC7-8C28-CF4D-A40727C24B55683B}",20870
20817,5,,"{83D1C819-C375-A148-A8F4B180AD582137}",20871
20818,5,,"{7763689F-74D8-1A45-906424D93B7C2014}",20872
20819,5,,"{C3F1D631-07FB-B145-98512229C7240CC8}",20873
20820,5,,"{974DE3E8-14ED-C64C-A50AD1E9B84E7181}",20874
20821,5,,"{083FA5C3-59BF-3440-83118F98368BB717}",20875
20822,5,,"{945644E9-15E3-EB49-89784D17F894EAAA}",20876
20823,5,,"{3F6A51AB-F0F9-3B4C-93DDD41AAD4C17DF}",20877
20824,5,,"{8F7BF664-2BCB-264E-86B3EC9E3C507DA1}",20878
20825,5,,"{35094C47-28B0-8F4C-91898A17ED47598F}",20879
20826,5,,"{709D6233-0430-1F4D-B9865D041AF4FBFB}",20880
20827,5,,"{893CEA9F-9AE3-0C43-B748C80B62B2B0BF}",20881
20828,5,,"{C38DC801-478C-274F-A604FD633F337007}",20882
20829,5,,"{4C720587-0996-CD4C-886C3231E37970E0}",20883
20830,5,,"{B25B4704-197E-3F41-8539734CE97231EC}",20884
20831,5,,"{6AE80CD8-C897-8946-A9268AB750E5E207}",20885
20832,5,,"{49BD6714-FF34-5749-BEFDE29F2087C01A}",20886
20833,5,,"{88F301DD-2690-0E4D-937C1F82E2355D1E}",20887
20834,5,,"{B6818FC3-35D5-514F-A49C1B25BF420726}",20888
20835,5,,"{0EAEA9E7-FBF2-4B4B-B40D9EDA7B080103}",20889
20836,5,,"{75B2B7B6-4CC4-DC4A-AC1299E93110BA62}",20890
20837,5,,"{30702A78-3E5C-734F-B4F15F104D598536}",20891
12729,5,,"{912FD378-29EC-8B4F-BB85F03FEC69F326}",20897
20843,5,,"{4ED847AA-B6AB-094B-A5E42F7FC81B2842}",20898
20844,5,,"{8F5B9416-0199-214A-A7AC8A9B927B3584}",20899
20214,5,,"{C748E35B-8FC5-D041-8F0F5B68AB245832}",20905
20851,5,,"{BE71D2FE-D20E-EE48-9A890FCAD33DFB9A}",20907
19985,5,,"{7859534B-2A58-2047-ACD25757FBB29474}",20908
20257,5,,"{D106320F-A5A5-6344-8EB96CEB43C7079F}",20909
20254,5,,"{2AD055FD-0C47-8048-A7420CF16297A45D}",20910
20255,5,,"{124CE2C1-5EBC-8B4F-98B105A01DE368D2}",20911
20049,5,,"{13BE35B7-DDC9-EC44-BE971278469E78C5}",20912
20050,5,,"{0DBF5BB6-B0B7-9749-B3B633D0A825713E}",20913
20051,5,,"{4AEBE33B-CFBE-D54A-ADD68E1F6E599174}",20914
20052,5,,"{CF1CA9B0-7638-1C45-BD2BFBEA8C1FF249}",20915
20053,5,,"{015CEB9E-68EF-1844-8C5A4BA0BFF2C8E9}",20916
20852,5,,"{8A18171C-D5B4-A24B-8C3C5DA1E2CAE08A}",20917
20853,5,,"{2FED45FA-8A8C-E348-B8A0C9E1598DEB76}",20918
20007,5,,"{CBE05A74-D51A-654F-AB5865958E13AD7F}",20919
20025,5,,"{41C7AFD6-0573-8A46-A8E1CD9C656DE13B}",20920
20043,5,,"{2DF5B2D1-97A7-B447-A3A6F5FF350E422B}",20921
20063,5,,"{F267D73F-0FD1-E247-80385311C91C7801}",20922
20101,5,,"{0A7A13DC-E9C4-E14C-BB57AA69AC07F907}",20924
20402,5,,"{DC677D18-C6C4-4240-9FE1F136A2DBF93D}",20925
20038,5,,"{166D5133-F54B-0C43-82AC6787B8DB2EDE}",20927
20112,5,,"{8B39475A-1313-2E4A-874F90849B7849FA}",20928
20114,5,,"{53480CD1-470F-3A40-9F7FEEAC42C6B0DC}",20929
20854,5,,"{11B0B71C-BCA9-CA47-80CEFE6592339CD5}",20931
20855,5,,"{F1F3C703-279B-A844-A520476ACA67414F}",20932
20056,5,,"{3ED05261-FFA2-B94B-861A7BB400AD01D6}",20933
12675,5,,"{5F16053E-471D-E04E-BFE93F0987C3E301}",20937
19989,5,,"{2C1BB6A6-A076-1144-8B42696A53BCB49E}",20938
20856,5,,"{0429D8A4-E375-F049-9A6DECC029EDE69C}",20939
20857,5,,"{23EB7DD0-5ADE-3A4C-BAC38F3DC86B3FD9}",20940
20859,5,,"{A9D0EC74-6D93-5049-A09854C5364099A5}",20942
20367,5,,"{4D65C0C1-679F-3F4C-AA2BE9332FE0A2FB}",20943
20860,5,,"{AAD194EA-24DD-C542-9533B92F8E9BED5C}",20944
20432,5,,"{46AB2A7B-0F45-8F4B-B4E04F43DF035BD1}",20945
20861,5,,"{DF52FC0F-DE0A-B848-891A81FA2AE79A19}",20946
20863,5,,"{D2D956C9-DAD2-EA4E-98B49380A2CE9F18}",20948
20864,5,,"{22907788-7B86-F043-96E1196F5CB8D87A}",20949
20865,5,,"{457B00C0-3F8A-D746-84C6E069C645364F}",20950
20866,5,,"{92719758-2699-0B45-875AB6D4FF514405}",20951
20867,5,,"{3C9CEB75-0D4F-F14A-B0C6EC65BA991477}",20952
20868,5,,"{902A502D-569D-764F-9DB1F44A3911F131}",20953
20869,5,,"{1BE6FB00-06A5-CB44-A9B73B72F4B01CA4}",20954
20870,5,,"{0A11FD85-67F4-BA4E-A2A6CF4DE834B705}",20955
20871,5,,"{32906B82-4C29-FA4B-8A678A8C42C5B651}",20956
20872,5,,"{AD6EE40E-FAB1-5646-86F4E73C30F16B99}",20957
20874,5,,"{BCE0B43A-4DB2-C64B-B4E22855FDA9CE2F}",20959
20876,5,,"{B61F26FD-5AFC-DF41-989182E8FDE18E8C}",20961
20877,5,,"{48A8BEF8-2777-3941-A631F07DAE439676}",20962
20878,5,,"{03DC95F6-E41D-4A45-A4201733926C38C9}",20963
20879,5,,"{6E323B80-AF42-C745-9AF6E979C137F213}",20964
20880,5,,"{F7DB755F-FFB3-B949-838CF3256E93581C}",20965
20881,5,,"{2ACACCC8-6E11-1940-B2BEF09A00E07A7C}",20966
20882,5,,"{E914AE09-0423-004D-9A4EC45BE9401482}",20967
20883,5,,"{F322C85C-C4B1-B04A-ADAF50DB857B4731}",20968
20395,5,,"{D860B744-14E9-9B41-9EB573CAEE6EBC49}",20969
20884,5,,"{0E6E81CC-9D88-5045-9D9F188C7EE69BA2}",20972
20886,5,,"{41BAFD63-E164-144D-A709E04615D4A208}",20975
20887,5,,"{7468EED7-AE67-5749-89B9447853FD751B}",20976
20888,5,,"{A85B0F59-8FE7-CC40-B2F21836AD3A92D9}",20977
20889,5,,"{9557CCFF-165F-FB4D-84D3542479605697}",20978
20890,5,,"{19721212-37EA-1A4D-B773910EA2964001}",20979
20891,5,,"{8B7ACC55-F012-8F4C-868735787EE78141}",20980
20892,5,,"{D483BF99-27BD-CE48-9E8B8AF555913F33}",20981
20893,5,,"{E288E52B-279C-A547-95AA259BC2203CF3}",20982
20894,5,,"{3960BFDF-34F8-C14D-89210D9DB7C927EE}",20983
19740,5,,"{37966E70-A4A0-1547-BE8F80D7D2A60736}",20984
20895,5,,"{28720671-ED25-974D-A60390F126F13E3B}",20985
20896,5,,"{010F9783-1410-6E48-943A10207490EC8F}",20986
20897,5,,"{135D26B4-0DF9-4A48-816A11E4F21FC99C}",20987
20898,5,,"{59320E74-4CA9-6A42-AF917B028C4EC916}",20988
20899,5,,"{91655D6C-EDEB-4542-B96E52E0E7DB3D21}",20989
2720,5,,"{63EEC065-0421-B94F-AA0544F98815C754}",20990
12769,5,,"{CF2BD3D4-C2C4-7849-895F682C43972F1F}",20992
19729,5,,"{DBD7C925-59F7-ED43-8A79B9926235E844}",20994
20371,5,,"{33C4BAB6-8FF2-524D-9CFBF0C59CBA489D}",20996
12740,5,,"{A70E81F2-AF8A-6048-865977EBEAA03775}",20997
12741,5,,"{0B586FF3-9FB6-D744-A031F74B613CBCC0}",20998
12688,5,,"{4A920B00-FF16-D846-B901B44EF29A9B5D}",20999
19743,5,,"{0829F826-E31E-DE44-BB50B3C4FDC126CA}",21000
1775,5,,"{96F46C58-8BE1-A946-9F1CCD6E6809343F}",21001
1960,5,,"{6DEEFD40-9862-554A-B8335F4968D6D208}",21002
11695,5,,"{28C61540-DEA3-D444-BCA6B572BC4FC827}",21003
12674,5,,"{EEF82E38-6228-2C49-9DB6286C97F70FA7}",21004
20169,5,,"{673E5D40-349A-2C4D-A1A0963186542EAD}",21006
20083,5,,"{22915F12-4241-FD46-B3C48C4C6D127A1C}",21007
20900,5,,"{7033E09E-4B89-2447-ABE54F67D534A17A}",21008
20901,5,,"{8AAA56C6-A734-7244-A71DA7299732C4EF}",21009
7520,5,,"{E5F18485-9D19-2B4F-9E386587060A9EA9}",21010
20030,5,,"{6524F040-158B-6048-9EBB68343C3C4A45}",21012
20348,5,,"{05A542D6-DED1-4746-BE9C93B7E2CF6AC2}",21013
20902,5,,"{2FDE1734-7C43-AC4F-A2F2C6C53753161C}",21015
20903,5,,"{05FBE384-85DC-4243-BCE08BB6B7DAA577}",21016
20904,5,,"{4D0ADC6B-FEEE-DA4D-9478666068B6B43B}",21017
20906,5,,"{153FB29D-FA7A-2C46-BC66513E36B3D1C4}",21019
20907,5,,"{06E4A951-8E36-E549-91F9F5097082DED8}",21020
20908,5,,"{AE6D8011-EE00-CC4C-A2A2B5F2398F96F8}",21021
