IsAbstract,HasOpenColumns,HasOpenRows,HasOpenSheets,IsNormalised,IsFlat,RowGUID,OwnerID,TableID
0,0,0,0,0,0,"{3B20E04A-4F57-497A-974196CBBDF92E02}",1012,1
0,0,0,0,0,0,"{FB123445-1AF1-4D4B-93DCCFF059D8BF9D}",1012,2
0,0,0,0,0,0,"{0CC8C2FF-BBD1-4D4A-A1142FCCA5B95DE4}",1012,3
0,0,0,0,0,0,"{6E43A8B3-00EE-499F-8F187F1BD1119399}",1012,4
0,0,0,0,0,0,"{21313198-494D-4D76-BB7AF2CB5DDFE23A}",1012,5
0,0,0,0,0,0,"{5829D0B4-030D-4E17-88101A05A6758033}",1012,10
0,0,0,0,0,0,"{F7345C1D-4871-4D85-89887BB35184D54D}",1012,11
0,0,0,0,0,0,"{5439D164-B42F-4F92-905C685E2937A306}",1012,13
0,0,0,0,0,0,"{5672084C-E205-4276-B38D7ACD439CB454}",1012,14
0,0,0,0,0,0,"{732953E4-EDB0-4BBB-81C7B71700E337D8}",1012,15
0,0,0,0,0,0,"{7F2F2AF1-1BA2-41DC-8E92A17E87256CFF}",1012,16
0,0,0,0,0,0,"{009FE011-3D06-48A9-BAA74508031CE508}",1012,20
0,0,0,0,0,0,"{FB5783FE-EDC7-426D-8119192214304D43}",1012,21
0,0,0,0,0,0,"{5CFFF8FE-EB17-4FF1-919CD6C072A98FB1}",1012,22
0,0,0,0,0,0,"{C5CA9D70-E77C-42E6-B8833D3C433A92D5}",1012,23
0,0,0,0,0,0,"{CE8963D8-E14E-499A-A217E7AE7741A472}",1012,24
0,0,0,0,0,0,"{E1BA2621-7AFD-4A94-BB52754B9482E3CC}",1012,25
0,0,0,0,0,0,"{5719E3F4-4C3F-4253-93EA847F2C09D244}",1012,26
0,0,0,0,0,0,"{74CE5E21-F770-4EF7-963ED02271C72AA6}",1012,27
0,0,0,0,0,0,"{C5AB5AC8-EE5F-464F-A71D1A1C32D6489C}",1012,28
0,0,0,-1,0,0,"{F6CDA46B-D65C-445B-B2DC5A95D3B75960}",1012,29
0,0,0,-1,0,0,"{D295C8B7-84A7-46A6-BD7E0E1A5BA906B4}",1012,30
0,0,0,-1,0,0,"{961735DE-0804-463E-BFEEE64AF92A76A9}",1012,31
0,0,0,-1,0,0,"{D65039AC-E9ED-44F3-8B9D1AE4C82071DF}",1012,32
0,0,0,0,0,0,"{156FC3C4-B00D-41B6-93AFC8667C7CBD99}",1012,33
0,0,0,0,0,0,"{1DF21EA8-36E9-4AAE-8A35302A07D1D685}",1012,34
0,0,0,0,0,0,"{AF3EC001-D7FF-49B7-A5AE8CB1EE817BFE}",1012,35
0,0,0,0,0,0,"{DBAB2804-1336-44A7-83113BAFC6B251A9}",1012,38
0,0,0,0,0,0,"{9A156D2B-6594-45EB-AD94692952011375}",1012,39
0,0,0,0,0,0,"{98870C07-DA4E-4565-9149E10DAD8FC906}",1012,40
0,0,0,0,0,0,"{D43C1C4D-95C0-4248-8D111CD4388B1F67}",1012,43
0,0,0,0,0,0,"{88344002-57A0-4722-9482056DD2D1C093}",1012,44
0,0,0,0,0,0,"{E5DE7D66-E0BF-4AA4-A2E5A707BA74781E}",1012,45
0,0,0,0,0,0,"{A2DF3404-AE9D-4370-80E593DF8E5F88C7}",1012,46
0,0,0,0,0,0,"{FBAD153A-06CF-435D-914FF0B49D10C646}",1012,47
0,0,0,0,0,0,"{BF0B4932-C600-4B7E-82603F97D709A355}",1012,48
0,0,0,0,0,0,"{BCD4614C-764A-46F1-AD78349E9DFD97F1}",1012,53
0,0,0,0,0,0,"{82BA4664-88F3-49D1-978D3A935D9D4D85}",1012,54
0,0,0,0,0,0,"{A5C1D710-416C-451D-B819F67BD3EBA125}",1012,55
0,0,0,0,0,0,"{25DCF0F7-9D2F-4C2E-BFA4B02AC218F235}",1012,58
0,0,0,0,0,0,"{EF3EDED3-B73B-426D-B055F3FA662DF4D8}",1012,59
0,0,0,0,0,0,"{F4B2E8C9-5036-40B6-B7A77477D4D0F774}",1012,60
0,0,0,0,0,0,"{E0576011-E9B3-4F4F-B6513F920FB1C16F}",1012,61
0,0,0,0,0,0,"{43D84387-5234-4A62-9787B0DB6AC226BC}",1012,62
0,0,0,0,0,0,"{EBCA6E7A-9804-4F93-B13470BED46C7DD0}",1012,63
0,0,0,0,0,0,"{FB884870-EACB-4918-BCCFA75E6F2E007B}",1012,64
0,0,0,0,0,0,"{CF526C13-865E-4F03-AAE8B6DD8F79AE71}",1012,65
0,0,0,0,0,0,"{55AAD661-D0C6-44BF-89C36888A5CE9275}",1012,66
0,0,0,0,0,0,"{10D234A6-EF6A-44C7-83CC5BB811A9AB45}",1012,69
0,0,0,0,0,0,"{3E30BC69-F2AC-4E56-8D3DDEB3DE6DAE80}",1012,70
0,0,0,0,0,0,"{E67FE8F9-B0E6-4533-910002AD06C26423}",1012,71
0,0,0,0,0,0,"{D79F3229-8413-4584-B23BDAECC54FC05A}",1012,74
0,0,0,0,0,0,"{B8F6B8E9-1E8C-49AC-BD9BAD7DE7983E97}",1012,75
0,0,0,0,0,0,"{13BD4143-B0A3-4582-BFC717CCE5332DE1}",1012,76
0,0,0,0,0,0,"{8EE7F881-9D5C-40E2-BD91DE52C15A5DC0}",1012,77
0,0,0,0,0,0,"{1C1B2433-BD2B-425F-BC3D1737ADB5F17C}",1012,78
0,0,0,0,0,0,"{6F0007C3-C792-484A-BA81C4924E9B33C3}",1012,79
0,0,0,0,0,0,"{2083BECC-5FF9-4E6B-916C746D399E5308}",1012,81
0,0,0,0,0,0,"{549C24A7-E6B7-4054-996A9AD3A09A94BD}",1012,82
0,0,0,0,0,0,"{C5647387-3DA2-4BD9-B91BC3EB436E0040}",1012,83
0,0,0,0,0,0,"{1DEAAFAE-E994-4CC1-84F9FF2D93A5172D}",1012,84
0,0,0,0,0,0,"{611E5B3C-FA0F-42FF-9F472EF25DAFF306}",1012,85
0,0,0,0,0,0,"{1D282BF1-6A35-48CB-B89E8347AC914E1C}",1012,86
0,0,-1,0,0,0,"{7B073E52-392D-4256-AA50923E9D812DB7}",1012,87
0,0,0,-1,0,0,"{7B1DB03D-4FF5-45A4-9D97A764D36C76A4}",1012,88
0,0,0,-1,0,0,"{65EC03EE-4DBB-4FDB-9921F421C06BD04A}",1012,89
0,0,0,-1,0,0,"{61513D30-9407-4E94-A4FB3CEED48CE5B0}",1012,90
0,0,0,0,0,0,"{362730AE-BA10-4150-9437D215CC8C39A1}",1012,92
0,0,-1,0,0,0,"{726E55D9-3B55-489E-BBF7A643087D96DD}",1012,93
0,0,0,0,0,0,"{71DB3D6E-F6C0-437F-A0444F8FD6A14056}",1012,94
0,0,-1,0,0,0,"{682B898C-53B5-43EC-B702DF0CF1030865}",1012,97
0,0,0,-1,0,0,"{0D2D38C5-699A-4837-8334410E979614EB}",1012,98
0,0,0,0,0,0,"{C705D4A2-20B6-4599-B0AB75240AA74D39}",1012,99
0,0,0,0,0,0,"{CC7DC8FA-46EF-4D9C-9A2F37ADE5244380}",1012,100
0,0,0,0,0,0,"{8273C67E-3089-4701-8DFAC3389C6E0EAB}",1012,103
0,0,0,0,0,0,"{1E960DA8-24EC-4AF8-86E785D47A200F81}",1012,104
0,0,0,0,0,0,"{9B04EE65-EFB6-4DEE-B5A20FD9A0CB5C5C}",1012,105
0,0,0,0,0,0,"{6DD0B8F5-DE13-427A-B8AC2F048BBD2180}",1012,106
0,0,0,0,0,0,"{B10ABBEA-04CE-4CAC-B28369CF6E2AFC43}",1012,107
0,0,0,0,0,0,"{04D603E6-FCAD-4C64-8F24F864814075BE}",1012,108
0,0,0,0,0,0,"{BF298221-0C92-4E4F-AFE1D070C423DDEA}",1012,109
0,0,0,0,0,0,"{C76C70C0-45B3-4666-875326D5F7F2AD38}",1012,110
0,0,0,0,0,0,"{6025C0C3-BE4A-46DC-8E75BB86BF54ADE2}",1012,111
0,0,-1,0,0,0,"{6EDF66A5-BAB2-49F3-B6DD59FAF594396E}",1012,112
0,0,-1,0,0,0,"{079A1037-CD3A-48EB-8770685AB15991CE}",1012,113
0,0,0,0,0,0,"{18703F3F-B7AF-45A1-A9A178DFA2D5600F}",1012,120
0,0,-1,0,0,0,"{28BD2384-A7D9-4753-AB52139AFEB08103}",1012,140
0,0,-1,0,0,0,"{8D02C9F3-52AA-4D27-A54E71CF8DA06446}",1012,141
0,0,0,0,0,0,"{55306C8C-9C75-4E6C-BC1ED82459708744}",1012,142
0,0,0,0,0,0,"{528163A6-4FFE-4B6F-AC59E4E4CDDF5A96}",1012,143
0,0,0,0,0,0,"{101D67F3-49D0-42FE-8BCE338EC0D71B16}",1012,144
0,0,0,0,0,0,"{E4E5119A-2BF5-4150-8C1C89C164330E14}",1012,145
0,0,0,0,0,0,"{555A095F-878E-43F2-8650321D6F6D1C71}",1012,146
0,0,0,0,0,0,"{9FD28C08-AB08-42CB-BA56C91418FB629B}",1012,147
0,0,0,0,0,0,"{F8911CD2-7EE8-4D48-AF2E3438336CF9ED}",1012,148
0,0,0,0,0,0,"{4B2E3580-193A-4E50-BEDA63812C69CD10}",1012,149
0,0,0,0,0,0,"{FE11E1AF-E0F0-4F8A-B9B6CF87D68379C8}",1012,150
0,0,0,0,0,0,"{3D09DF74-4B36-4F92-873DBE9424F8E94E}",1012,151
0,0,0,0,0,0,"{CB4AA4A3-235D-4847-B34AFD0AB2849AD6}",1012,152
0,0,0,0,0,0,"{79B53897-F59D-4FEF-93CC0BDBBBED8FFD}",1012,158
0,0,0,0,0,0,"{6AF8900C-8041-4603-985BFA4DD5A7FEBD}",1012,159
0,0,0,0,0,0,"{FA1DF97E-E7A2-4957-BBF0CAFC6E7355AF}",1012,160
0,0,0,0,0,0,"{4FD09F73-4239-4357-B6A186EB511B270C}",1012,161
0,0,0,0,0,0,"{6F3D1B97-DE7B-4185-9F811B52C18BA94E}",1012,162
0,0,0,0,0,0,"{E335EDA1-E8BF-4EAA-895F9437232D9F32}",1012,163
0,0,0,0,0,0,"{0C006406-7EA0-4086-A0632CA4156AD28A}",1012,173
0,0,0,0,0,0,"{653CFD80-B437-459C-B2527A56719E2B64}",1012,174
0,0,0,0,0,0,"{0C80D906-76A1-4595-A0BE96240F7AB20E}",1012,175
0,0,0,0,0,0,"{60E61B24-8594-42FC-9BF5CBCDAF583EB2}",1012,176
0,0,0,0,0,0,"{5552451E-3E81-4D98-A48AAA7BD08B9F88}",1012,177
0,0,0,0,0,0,"{AACE11D7-12C7-4C57-BFA6FD5E152B5468}",1012,178
0,0,0,0,0,0,"{FB103E93-CB0C-437B-9E6EF7CCF3CDB07C}",1012,179
0,0,-1,0,0,0,"{94FC6F82-884C-4811-9EC3CE99078AF41B}",1012,180
0,0,0,0,0,0,"{5D5B3962-643B-4E92-B6BC674286A3B0D2}",1012,215
0,0,0,0,0,0,"{8C4F1651-018B-42B7-AA81DCCE4BAC9AAC}",1012,216
0,0,0,0,0,0,"{A3DA0A5D-B6E4-41E3-ABFEB0E44A456336}",1012,304
0,0,0,0,0,0,"{0420D45B-9462-410C-840918523E01B3D7}",1012,305
0,0,0,0,0,0,"{B024B813-B9CB-4570-BAF2650E0FAC1FBF}",1012,306
0,0,0,0,0,0,"{F12CF6DB-A131-423F-85C4D0E211549929}",1012,307
0,0,0,0,0,0,"{62339CF1-CF94-4974-B5D162A37F56A2F8}",1012,308
0,0,0,0,0,0,"{310E4883-CD86-461C-B01AFBB8717BF01D}",1012,314
0,0,0,0,0,0,"{ED78BAB0-CA63-4020-A9734CF909C64F41}",1012,315
0,0,0,0,0,0,"{E469CD38-EAEA-43DC-934ADD59A9DDF91F}",1012,316
0,0,0,0,0,0,"{10E1A938-E5A6-41FC-91385D40D1050AC4}",1012,317
0,0,0,0,0,0,"{84A38933-2D5B-4244-996373E7AADC96A9}",1012,318
0,0,0,0,0,0,"{81E49CF3-1E3B-44F6-820A3B77C4591C58}",1012,319
0,0,0,-1,0,0,"{E8C9318C-7F76-4090-8D9FD1260FEA4E94}",1012,320
0,0,0,-1,0,0,"{EE0C6226-4639-43D6-81D8331C7D98359D}",1012,321
0,0,0,-1,0,0,"{A14E4901-A7E1-4DF9-8B4CCD1CA98488D3}",1012,322
0,0,0,-1,0,0,"{C5D408F0-118D-4626-8E35375F92F888F0}",1012,323
0,0,0,-1,0,0,"{84CF8635-7A73-4171-B73D4F17215404DA}",1012,324
0,0,0,0,0,0,"{81547542-0154-4C81-8FECCD5E0AD8552C}",1012,325
0,0,0,0,0,0,"{EFE8A291-5608-4E54-826E22FA09ADE0C7}",1012,327
0,0,0,0,0,0,"{62BDC55E-21A9-4B16-B90F66E246E58D85}",1012,328
0,0,0,0,0,0,"{106DF7CC-2053-47FE-AE10B2E5698DF6B7}",1012,329
0,0,0,0,0,0,"{F342E088-EAA5-498B-9D6FB60A2BCADFD3}",1012,330
0,0,0,0,0,0,"{37D8EBC7-CE36-4988-98EA6013B0B04C84}",1012,331
0,0,0,0,0,0,"{4A1654F0-5D3C-4203-966AB3170EF55E63}",1012,332
0,0,0,0,0,0,"{00997765-B08E-452F-A1B6C1B42944F01C}",1012,333
0,0,0,0,0,0,"{732099F7-842C-4F0C-A0078DD61C662B11}",1012,334
0,0,0,0,0,0,"{A5AD699E-1448-464F-AF37E3E79BBBDCDC}",1012,335
0,0,0,-1,0,0,"{14833571-4361-4C5C-A1EB215CF2212BDE}",1012,336
0,0,0,0,0,0,"{645E706D-927D-493A-B232089B339F8DCF}",1012,337
0,0,0,0,0,0,"{4973DAA5-C6E0-4189-8A8E68D0971DF23C}",1012,338
0,0,-1,0,0,0,"{9F9061AF-B54A-4F53-ADE746919A1F8B29}",1012,340
0,0,-1,0,0,0,"{62EBC2A4-A1A0-4DC4-BCDA8438E65B0022}",1012,341
0,0,-1,0,0,0,"{145A639B-A636-45C9-ABE7762E34AA4189}",1012,342
0,0,-1,0,0,0,"{25D1981D-867A-4922-9B07E4A01BAF7823}",1012,344
0,0,-1,0,0,0,"{EECE5299-DF09-48A6-89382E0C09A5AB56}",1012,345
0,0,-1,0,0,0,"{D1C377A7-D2BA-409A-9A40066732154A21}",1012,346
0,0,-1,0,0,0,"{FA33E455-3121-4F3B-B377F46B4288DE6E}",1012,347
0,0,-1,-1,0,0,"{A16F8C45-05C1-4B5A-AD3CDA7B26B07048}",1012,359
0,0,0,0,0,0,"{1D444037-42EF-4959-981E45320C95E9B5}",1012,364
0,0,0,-1,0,0,"{3E752E22-7A7B-4D0A-9BC76D6C591799B2}",1012,365
0,0,0,0,0,0,"{3281B9E8-128B-41F1-AE110FA093E79781}",1012,366
0,0,0,-1,0,0,"{E8D9B3FD-9EB5-4823-BE9E5975B7FE6562}",1012,367
0,0,0,0,0,0,"{0A9B91E3-86A0-4B34-A490A94701D285D1}",1012,368
0,0,0,-1,0,0,"{9E94342E-AE20-478F-841770ECE06D8BB5}",1012,369
0,0,0,0,0,0,"{2228DDC8-5677-442F-A9EC4F8680F7F96B}",1012,370
0,0,0,-1,0,0,"{BDC5547B-6D81-4F5E-BFE1A887C45E2942}",1012,371
0,0,0,0,0,0,"{46E3EF27-FA2F-42FA-BFDECDAC81609844}",1012,372
0,0,0,-1,0,0,"{3B1228C5-0901-4649-B71EB3FC241F68A5}",1012,373
0,0,0,0,0,0,"{C7143700-F2C7-4BA6-9978E3B8E76287AB}",1012,374
0,0,0,0,0,0,"{FC2CC824-BD83-4104-B60BA9235A113E05}",1012,377
0,0,0,0,0,0,"{FEA3C155-6876-4ACD-B6DF8D7FA5A2DDA3}",1012,378
0,0,0,0,0,0,"{CA1C335D-5AD3-4D02-9BE7B2B2DAF4E4B9}",1012,379
0,0,-1,-1,0,0,"{AC80D2B8-2D87-45B3-B2DB92B02C9FF624}",1012,380
0,0,-1,-1,0,0,"{12F36E1F-5F1A-4447-9B53C41514D63DB6}",1012,381
0,0,0,0,0,0,"{154B0B36-6E59-4ECB-9F56983709EECADE}",1012,382
0,0,0,0,0,0,"{9EA8F23A-61BE-4EE4-98984AF56AB57FD9}",1012,383
0,0,-1,-1,0,0,"{E109B57B-E844-4408-B2585648009EDEFE}",1012,385
0,0,0,0,0,0,"{28BDCA5F-085A-4F26-B460859B71AD5241}",1012,387
0,0,0,0,0,0,"{2BA33DDC-9808-4CB1-AC3DE9D5123CE908}",1012,388
0,0,0,0,0,0,"{8C33A7AA-738E-4965-87B39EC82B4EB85B}",1012,389
0,0,-1,0,0,0,"{B41A78A8-6B04-46F4-990E5BA53E95B68F}",1012,390
0,0,0,0,0,0,"{7C2F82AC-40B8-4D94-A4393D2401947AB9}",1012,391
0,0,0,0,0,0,"{2430E41D-4D0F-4361-9E0B1ABB22B52158}",1012,392
0,0,0,-1,0,0,"{2819C3C2-537B-416A-84D1EEA55AEDE726}",1012,393
0,0,0,0,0,0,"{B4ACE0B8-A816-433D-A5BC05DE4744D40A}",1012,394
0,0,0,-1,0,0,"{A5374057-ABF3-4A34-A56145D11D2807CB}",1012,395
0,0,0,0,0,0,"{08D0DCD3-619A-4849-9ED30D3CD45E65E0}",1012,396
0,0,0,-1,0,0,"{F126990E-0D57-4F96-9390E3A7CB93407F}",1012,397
0,0,0,0,0,0,"{82E043FF-5DE0-4277-BC4B59F72C526109}",1012,400
0,0,0,-1,0,0,"{82F4B1D0-8AFF-4222-9C604E5C9B16F139}",1012,401
0,0,0,-1,0,0,"{3DF45E51-8381-4A98-BD5C2C456FC5018E}",1012,402
0,0,0,0,0,0,"{314853DD-C6A7-474C-9EA47BD239D1417F}",1012,403
0,0,0,0,0,0,"{3E1BD500-6876-4EE4-885E7E7FE8288C18}",1012,404
0,0,0,0,0,0,"{BD4F04F4-AD8F-4968-898D14F8B2AE59F8}",1012,405
0,0,0,0,0,0,"{82077648-3973-4163-A0328C57318797B4}",1012,406
0,0,0,0,0,0,"{0B75705E-282B-4305-B5A44CF8C0DFD39C}",1012,407
0,0,0,0,0,0,"{9786A69B-C61C-4E6B-909DC2466F7B45EF}",1012,408
0,0,0,0,0,0,"{65E8FB11-086A-41F4-B87D9E68D5EC1D1D}",1012,409
0,0,0,0,0,0,"{0B1200E8-9E20-4102-8790649B5A6795BB}",1012,410
0,0,0,0,0,0,"{1D0B2A4B-0361-4429-8E401A14FF142483}",1012,411
0,0,0,0,0,0,"{2A11F5F6-3D1F-4FAC-A9953C694D29A8B4}",1012,412
0,0,0,0,0,0,"{7357CA7B-E0D2-4156-B293FB774FFD0CC6}",1012,413
0,0,0,0,0,0,"{C39F0958-BEC1-483A-951C8DB0612CA15D}",1012,414
0,0,0,0,0,0,"{DE203502-82FA-4F10-9FFDDA4BCFA3F8B2}",1012,416
0,0,0,0,0,0,"{24C64868-0AD2-442E-850755F1B1E87DD0}",1012,417
0,0,0,0,0,0,"{0B7A944B-8DA1-46B0-8F1ECC3C0D3D3391}",1012,418
0,0,0,0,0,0,"{B7622B17-E460-42AF-BE75A8691E29B899}",1012,419
0,0,0,0,0,0,"{97528089-2A0A-4FBA-BD620FFBAA1C7109}",1012,421
0,0,0,-1,0,0,"{A0C50A2D-9214-4EE1-BFDB69967BE1749A}",1012,422
0,0,0,-1,0,0,"{E2D40E3B-6E2A-49F6-84503B49439E4E93}",1012,423
0,0,0,-1,0,0,"{F1874BFD-1A4D-419E-998B137F4B1D3F26}",1012,425
0,0,-1,0,0,0,"{5B406709-6513-4F7A-A426D5215C2C5441}",1012,428
0,0,0,0,0,0,"{D0B54479-6BC6-4C4B-B5B546D7F732A2DA}",1012,429
0,0,0,0,0,0,"{EDCB4D0A-902F-45C6-BA07D8F31D301B35}",1012,430
0,0,0,-1,0,0,"{44A7E91D-28F8-4F88-A2920D7FE87891F1}",1012,431
0,0,0,-1,0,0,"{F9C0CF05-F446-4741-8E8B3B27A2EB42A7}",1012,432
0,0,0,0,0,0,"{BAB6FAC4-C8FE-4CCB-904DC62F5EF060C8}",1012,438
0,0,0,-1,0,0,"{525B121B-4D6F-441E-958D6BD06791DDE7}",1012,440
0,0,0,0,0,0,"{4148FD7C-FABF-4F11-B892FB23C15A47BC}",1012,441
0,0,0,0,0,0,"{EC326B89-6307-4E78-8AB2FF2417BDA814}",1012,442
0,0,0,0,0,0,"{BF9E7862-448D-4293-A2E9E0FF64F33BCF}",1012,445
0,0,0,0,0,0,"{5B1F811C-75A5-4E87-8F90D6B0B98C0031}",1012,446
0,0,-1,0,0,0,"{C28E02FF-AF53-45EA-94557A05CED308AB}",1012,447
0,0,-1,0,0,0,"{4FC4C924-9415-4861-8948A648C2669053}",1012,448
0,0,0,0,0,0,"{8DB6F819-93CC-4C54-BAFB7F737A26CA05}",1012,449
0,0,0,0,0,0,"{F66D9E30-CDF0-4672-B2789A384F80C1C7}",1012,450
0,0,-1,0,0,0,"{2169A9FD-B009-4656-BF7B5269B3F2691F}",1012,451
0,0,0,0,0,0,"{6FE40D94-2FA8-4385-9DB809843A277871}",1012,452
0,0,0,0,0,0,"{2A3421A1-C3F6-47BB-87E0E018857BA9C9}",1012,453
0,0,-1,0,0,0,"{C557C37B-93CC-457D-B70A807233430DE4}",1012,454
0,0,-1,0,0,0,"{DF4EF742-7077-47F8-8B51FBA24DFD6112}",1012,455
0,0,-1,0,0,0,"{7773E6C8-B994-4E66-982AB24A5B6FDD5A}",1012,456
0,0,-1,0,0,0,"{627F3418-E548-435D-BED5D280A56937D4}",1012,457
0,0,-1,0,0,0,"{23766E5E-128E-4B65-89E3CA44BE18423D}",1012,459
0,0,-1,0,0,0,"{7C0268A6-15D1-4694-84901A7AFE4B22F8}",1012,460
0,0,-1,0,0,0,"{5A4A6565-5456-4FD8-80C2BDAD6B2750A8}",1012,461
0,0,-1,0,0,0,"{B853AD23-63EC-4C08-97167227691B749D}",1012,462
0,0,-1,0,0,0,"{4BD24BB7-4C59-4AF7-A52364046AAB236E}",1012,463
0,0,-1,0,0,0,"{77B942BD-6D3D-46B7-85A0C6AF831E7E6B}",1012,466
0,0,-1,0,0,0,"{16218785-987D-4289-875E07F3CB31B819}",1012,467
0,0,0,0,0,0,"{459D8B9B-5C93-407F-930B2E0B51A23444}",1012,468
0,0,0,0,0,0,"{D8BDB74C-7C01-48E4-922B078DF1797502}",1012,469
0,0,0,0,0,0,"{0A8799B7-0647-438F-B216699689E06103}",1012,470
0,0,-1,0,0,0,"{A843ADF5-7DE4-4B9C-BC7314D8F539D2E3}",1012,471
0,0,-1,0,0,0,"{63883132-3E36-4ABA-8FE40E8D0BA1FC94}",1012,472
0,0,-1,0,0,0,"{1FCE68EB-6AA9-44F8-B532BF72539444D8}",1012,473
0,0,-1,0,0,0,"{5809C2A8-A3BD-4CDC-AEFD85CD2C4C6254}",1012,474
0,0,-1,0,0,0,"{10E126C3-D6E6-4A04-BADB7EA239BE3BDE}",1012,477
0,0,-1,0,0,0,"{855674CA-3D1D-470F-B06FDCCEA6557423}",1012,478
0,0,0,0,0,0,"{739BCDC6-A2EC-4865-AE9C04D1BC897D49}",1012,479
0,0,0,0,0,0,"{769B938B-D383-4DB5-8D02078663228D30}",1012,480
0,0,-1,0,0,0,"{C91BBE08-3EC9-4594-A9CA34BEEA2E54C3}",1012,481
0,0,0,0,0,0,"{9FB8F03C-C4D4-475A-BC9B2C91ED00DE62}",1012,484
0,0,0,0,0,0,"{9C4CBF70-F3D1-4126-9A8C135B5F82FE17}",1012,485
0,0,0,-1,0,0,"{8AE86BA5-8D0B-41B4-922DE1F313F17954}",1012,486
0,0,-1,0,0,0,"{6674C94D-C412-4F5B-BC76D0AA7A68E8D3}",1012,487
0,0,0,-1,0,0,"{BD4DADC1-B897-4B3C-8FFC50667A699B26}",1012,525
0,0,0,-1,0,0,"{2FC0F944-D731-4B06-A8F65967B5A335DE}",1012,526
0,0,0,-1,0,0,"{CAAECC7A-51C3-4E58-B0367A6EDBE2EF5A}",1012,528
0,0,0,0,0,0,"{457F8D56-A0BA-47A0-A0EF8DEF99AB880F}",1012,529
0,0,0,-1,0,0,"{69079CC7-FB42-427D-AD9A089BDCA073B9}",1012,530
0,0,0,-1,0,0,"{ECBB4B0B-99E6-4094-92F0CA80247864F2}",1012,531
0,0,0,-1,0,0,"{D96E06D4-8F43-4AD1-B399EE8B1811B70C}",1012,532
0,0,0,-1,0,0,"{37CE25AF-AA14-47D9-BAFB7EED3BB37438}",1012,533
0,0,0,-1,0,0,"{30D86F77-4367-4494-9002B47C0D1DC35D}",1012,534
0,0,-1,0,0,0,"{32BE247F-683A-4016-BF626E859908F168}",1012,535
0,0,-1,0,0,0,"{553362DC-751A-4E13-802653E070EAC6EB}",1012,536
0,0,-1,0,0,0,"{E4EA3C22-1311-4C1A-A0050CEF8BC37693}",1012,537
0,0,-1,0,0,0,"{B15E67AE-0644-4089-81D3BCA7983FA590}",1012,538
0,0,-1,0,0,0,"{DD6DD635-4447-4A98-96DBCF5DFD18D609}",1012,539
0,0,-1,0,0,0,"{3DD15613-BEBF-4C58-984508FE876A9B8F}",1012,541
0,0,0,0,0,0,"{85B557A0-9649-43C3-90C6DA4CFC7E4D74}",1012,543
0,0,-1,0,0,0,"{9E3BAC24-AF73-4098-A1B9A357C98EAB1D}",1012,544
0,0,-1,0,0,0,"{C8C40F0D-CAB0-4893-A9C7AF8266998A84}",1012,545
0,0,0,-1,0,0,"{0E6CC636-AD50-4F13-8F0D6F0DB2B02847}",1012,546
0,0,0,-1,0,0,"{903EFA97-48DC-47E6-9BFBAA2BAB7F5B67}",1012,547
0,0,0,-1,0,0,"{E25935AB-BB98-408F-87ECDFC768AC109F}",1012,548
0,0,0,0,0,0,"{4E1864A5-66DA-470D-A69D15C7CC72CCFB}",1012,549
0,0,0,0,0,0,"{3297ABAF-532C-4B8B-AEB8E7EC23E24B25}",1012,550
0,0,0,0,0,0,"{B53EE1F0-095D-4DC7-AC8C5F7735BB4669}",1012,551
0,0,0,0,0,0,"{1E688DA3-94D9-42E3-B9FDBC9D6B933DB9}",1012,552
0,0,0,0,0,0,"{551C99DF-9370-423D-9BA21C9BA0EC6DC1}",1012,553
0,0,0,0,0,0,"{BA195115-A5DE-4E72-9E13974CD095B58E}",1012,554
0,0,0,0,0,0,"{99F2B9AB-07A5-4953-9F4712598D6087F1}",1012,555
0,0,0,0,0,0,"{AD073E3E-01D2-4971-B7FEC3C9C1E96CF5}",1012,556
0,0,0,0,0,0,"{3AC386A3-063B-4603-B4125E0432724C61}",1012,557
0,0,0,0,0,0,"{CF7AD09D-0589-4B5B-8B33BE74039D84F0}",1012,558
0,0,0,0,0,0,"{3E439422-1FEB-44CC-B16957CD4D0024A8}",1012,559
0,0,0,0,0,0,"{C50CDADA-2A7E-4A34-A0E499064491E8FC}",1012,560
0,0,0,0,0,0,"{3D8F3666-D458-4399-94149E98A3D22557}",1012,561
0,0,0,0,0,0,"{98006881-D224-4CC6-8ED0454AEB895830}",1012,562
0,0,0,0,0,0,"{6498FC15-3B90-47BC-90DB81DADD5D44E5}",1012,563
0,0,0,0,0,0,"{A955BB41-3329-4159-B04BDCBCF9155FAB}",1012,564
0,0,0,0,0,0,"{BB6DB97B-7095-4443-AC8115CF527DF224}",1012,565
0,0,0,0,0,0,"{D4AD5871-8D2D-4C1F-A4C99ACC507CF10B}",1012,566
0,0,0,0,0,0,"{FF048E4C-0B6A-48F1-8524F6CEF8CC3946}",1012,567
0,0,0,0,0,0,"{96F2F066-C1DE-4663-B5C0E7C66EBC7CD7}",1012,568
0,0,0,0,0,0,"{902C5827-AA05-416B-82BF4400FDDF7E2B}",1012,569
0,0,0,0,0,0,"{55585A80-4184-4867-82C0295C28D3ED69}",1012,570
0,0,0,0,0,0,"{076C64A6-6624-4A4E-A61A19D4A7A2497B}",1012,571
0,0,0,0,0,0,"{82D9E1A2-A81A-4FFD-BFAFB9AB13E9C9B7}",1012,574
0,0,0,0,0,0,"{7B143DDD-0900-4F69-90C849070385866E}",1012,576
0,0,0,0,0,0,"{30B18DF4-D006-4786-9A6C2FE900A49F89}",1012,577
0,0,0,0,0,0,"{CE9470BF-851E-454F-8871157EBFCACC81}",1012,578
0,0,0,0,0,0,"{024D0086-D084-4CE8-BCCC74C9074C6E4E}",1012,579
0,0,0,0,0,0,"{BDEBBB59-86BD-4442-AAA7082BF3B11869}",1012,580
0,0,0,0,0,0,"{BA76FD7E-CEF3-4236-9EB9089CD3E184D9}",1012,581
0,0,0,-1,0,0,"{4C692611-B972-4105-9B1328BD1BF1BCCE}",1012,582
0,0,0,-1,0,0,"{BF015C40-731A-4F28-996D4FC379FF0F17}",1012,583
0,0,0,-1,0,0,"{84DE6091-4207-431B-AFBE53944B8A6A43}",1012,584
0,0,0,-1,0,0,"{8A6EC9E7-C6E7-4C3F-997B0F00692CDE75}",1012,585
0,0,0,0,0,0,"{9DF7A38C-C4FB-4EA5-97F6677E4FAFF3CE}",1012,586
0,0,0,0,0,0,"{76CB3046-5DFB-4033-9B046B8915C763BA}",1012,587
0,0,0,0,0,0,"{B6327923-3D3C-4DF2-B09BEA902DCC64EF}",1012,588
0,0,0,0,0,0,"{72D6AD70-2487-4357-B4B03DE823E7C8DB}",1012,589
0,0,0,0,0,0,"{D57A4F84-C9C8-44BB-BA9B9377F7286FEA}",1012,590
0,0,0,0,0,0,"{BFBB5899-BD64-4FED-8D9BE9355678569A}",1012,591
0,0,0,0,0,0,"{21C119FC-C034-4282-BA7DFB58E229C8B0}",1012,592
0,0,0,0,0,0,"{E8FC1406-DE86-49AF-B5DB9F91F0172843}",1012,593
0,0,0,0,0,0,"{0CC44F6B-7D82-4DF2-BC332AF38A686892}",1012,594
0,0,0,0,0,0,"{09FE1318-7467-4E44-BD5ED951751ABBCA}",1012,595
0,0,0,0,0,0,"{53BB0C9E-6F7D-4B51-B6641BCAA058062E}",1012,596
0,0,0,0,0,0,"{6CB4657A-111C-4403-895AC2F18E465648}",1012,597
0,0,0,0,0,0,"{32F66F58-E671-47A6-828DF90102AE6DEE}",1012,598
0,0,0,0,0,0,"{A2EEA95A-F549-473B-A586E27E1F7436D7}",1012,599
0,0,0,0,0,0,"{C73DC856-1D13-4B4E-88CCE03906E12986}",1012,600
0,0,0,0,0,0,"{88059031-EA70-4C8E-9B8B2FDA8386DDD2}",1012,601
0,0,0,0,0,0,"{C54BAFC2-D99D-4CF4-B691BDB9FE1F31F4}",1012,602
0,0,0,0,0,0,"{E815AA24-0CC4-4C15-811655B4A6A8BD8E}",1012,603
0,0,0,0,0,0,"{97C1AAE7-9464-4401-B701790C4590D9E7}",1012,604
0,0,0,0,0,0,"{911FEB9B-1FD2-4AB2-8D3186E58F86ECC1}",1012,605
0,0,0,0,0,0,"{43398C98-C9FA-4BE2-96C9008ECA0A1CCF}",1012,607
0,0,0,0,0,0,"{EDE51689-F00A-4179-8C0E667ED72E74D1}",1012,608
0,0,-1,0,0,0,"{B29DF476-57A3-43FE-AE4D22C14FD1BE32}",1012,609
0,0,0,-1,0,0,"{97F210DC-D011-44C3-84D7B24BE765245A}",1012,610
0,0,0,0,0,0,"{0BC67F3E-60B9-4096-A5C46BD817E4233D}",1012,612
0,0,0,-1,0,0,"{77807E85-2FEC-4A39-AD35ED1A823F38C4}",1012,613
0,0,0,-1,0,0,"{D6458E81-40DC-48D4-8DD0F3AC3E43044A}",1012,614
0,0,-1,0,0,0,"{94A1F9C2-2C74-4C2D-B0BC251D98C29332}",1012,615
0,0,-1,0,0,0,"{9DA3D9A6-F0A0-4F6B-AD8AE55313B87319}",1012,616
0,0,-1,0,0,0,"{ECDD7617-CE9C-44A3-9DC6E23F1D2556CB}",1012,617
0,0,-1,0,0,0,"{D91C798B-3435-4CA1-90E3725335414545}",1012,618
0,0,0,0,0,0,"{130DE9E9-2AD6-4FC5-9ABDA6BF6DF9F1F7}",1012,621
0,0,0,0,0,0,"{12863320-45E8-4FF3-9E544D3A92DFCC88}",1012,622
0,0,0,0,0,0,"{6BC5D01D-A8DB-4858-B483CB1FAF96E58C}",1012,623
0,0,0,0,0,0,"{BC0C1FAA-A0C4-4F76-B9989BCC27016FBF}",1012,624
0,0,0,0,0,0,"{ED428E28-84C3-4112-A05D5AA9FE9C9D27}",1012,625
0,0,0,0,0,0,"{DFEF3E97-E08B-48E4-97CCAB87E8322928}",1012,626
0,0,0,0,0,0,"{86316EAF-02FB-4A63-966EE4DD62A88C7F}",1012,627
0,0,0,0,0,0,"{59CB2783-EBCE-47EB-9E0E9F54B84EBCB7}",1012,628
0,0,0,0,0,0,"{C9DCCD26-E4B1-4424-BB287BD47FEA98CC}",1012,629
0,0,0,0,0,0,"{7F8243A4-3892-4E7A-B052AE642C79BE30}",1012,630
0,0,0,0,0,0,"{5089894C-F698-494E-B76FE5405272DB01}",1012,631
0,0,0,0,0,0,"{0298EA71-69C2-4321-A14D431C73342DC3}",1012,632
0,0,0,0,0,0,"{05173C01-ABAE-41FC-B9FEF9D212D9C214}",1012,633
0,0,0,0,0,0,"{8D79FD80-1A47-48F9-9EC4FE176EC6F166}",1012,634
0,0,0,0,0,0,"{B74968DA-8F7E-4B56-8250A6497783769D}",1012,635
0,0,0,0,0,0,"{C1E15CD2-52EC-4B33-812B7E1D4DDADE31}",1012,636
0,0,0,0,0,0,"{F2D3C170-CEC4-4419-95746B358E0F3517}",1012,644
0,0,0,0,0,0,"{4D3C9113-B053-4DB1-A4C3096BED384EAE}",1012,645
0,0,0,0,0,0,"{03589865-93B9-473B-A6F22CEBFD8C0038}",1012,646
0,0,0,0,0,0,"{6D9FABBF-55D5-4193-BEB1915861C223AC}",1012,647
0,0,0,0,0,0,"{0D72609D-8605-494F-96CAA8617FDB0800}",1012,648
0,0,0,0,0,0,"{868B1C0B-2421-40E7-BC110C181F4C2B08}",1012,649
0,0,0,0,0,0,"{6252E137-8FBB-49AE-9D8BB7C652297D16}",1012,650
0,0,0,-1,0,0,"{7833BD9B-EC1C-4E4F-BE385FD137A5301E}",1012,651
0,0,-1,-1,0,0,"{A01700E1-1E58-48E8-A70DAB6931EB7AE7}",1012,652
0,0,0,-1,0,0,"{DCC7D850-0BA1-4146-9A37D3CA29864374}",1012,653
0,0,0,0,0,0,"{A989C8E2-96C4-4322-B36C111E01393772}",1012,654
0,0,0,0,0,0,"{3F7077F4-1BB2-4B6B-9B549FEC6AFDB45C}",1012,655
0,0,0,0,0,0,"{FEF90729-7231-4CB4-98EB75678333E108}",1012,656
0,0,0,0,0,0,"{1593214B-CEBB-42A7-977034C0AD01E771}",1012,657
0,0,-1,0,0,0,"{0E86C797-A661-4FDD-96BFB4B2ACA91608}",1012,658
0,0,0,0,0,0,"{1E5BFD44-86D1-4EED-B7DD68D5FED2804E}",1012,659
0,0,0,0,0,0,"{0A09EA9A-3D3B-45B7-B4B7CD8FC3E42E4F}",1012,660
0,0,0,0,0,0,"{6E9961B0-6F34-4E28-9592E465654AB904}",1012,661
0,0,0,0,0,0,"{09C19531-2943-403B-8E78C7B99584358E}",1012,662
0,0,0,0,0,0,"{39F63F29-42A6-4251-8372C571CB1B9CA7}",1012,663
0,0,0,0,0,0,"{BE125FAE-6472-4010-82EAF193F0FF6495}",1012,664
0,0,-1,0,0,0,"{A7E905DF-2DD4-4DBD-99023B5659363D10}",1012,665
0,0,0,0,0,0,"{E4466806-F4B1-44CE-8C1A5D7437D2D56A}",1012,666
0,0,0,0,0,0,"{4E4FF6CF-170E-4753-AA0C70346920E6A3}",1012,667
0,0,0,0,0,0,"{9C7844BA-6D86-4EED-96DE4FD45D84D683}",1012,668
0,0,0,0,0,0,"{476F1F8C-621F-4D9D-A31DDE9986604B77}",1012,669
0,0,0,0,0,0,"{0214E8B7-B852-4493-B72E8D249AF478A7}",1012,670
0,0,0,0,0,0,"{C15F2FCE-7A5B-493F-B49004D34FDBDB06}",1012,671
0,0,0,0,0,0,"{B4F021BA-9516-4E8E-940F89D652FA0B92}",1012,672
0,0,0,0,0,0,"{CE75098E-335F-428D-997A7E222FC7FD4C}",1012,673
0,0,0,0,0,0,"{F9614CEE-4A81-48C8-9BEDB3FE39D5E4F5}",1012,674
0,0,0,0,0,0,"{3E072CF5-69BC-40D3-95D5CE6D39FA7E91}",1012,675
0,0,0,0,0,0,"{89948AF0-399A-460D-8E6D9F376FD244FF}",1012,676
0,0,0,0,0,0,"{B83FBD23-C02A-469A-88EDFA6F63729325}",1012,678
0,0,0,-1,0,0,"{15573900-21EC-4F7B-BD39F99D9F5C2DA1}",1012,679
0,0,0,-1,0,0,"{93FEA45D-8074-453A-AA73519582D20473}",1012,681
0,0,0,0,0,0,"{36A0C2CD-D531-408A-93781C13F5A3A873}",1012,682
0,0,0,-1,0,0,"{4E91E8F9-EDAA-4662-A166CA0FED832C42}",1012,683
0,0,0,-1,0,0,"{9C82FA28-A7F7-4D9A-AC95AB4C425A64E1}",1012,684
0,0,0,-1,0,0,"{2EE0C918-9707-4C03-9BC2FBF8B995CB40}",1012,686
0,0,0,-1,0,0,"{A9DDADD9-0604-496C-BEA9DF7F9B3C99E3}",1012,688
0,0,0,-1,0,0,"{B0C1797F-64F0-466A-9C13B24CB352D4AE}",1012,689
0,0,0,0,0,0,"{08851D9C-55BF-4C24-82A3D5B3E341E8ED}",1012,690
0,0,0,-1,0,0,"{2F2D3172-4F44-4782-8A931A3887991854}",1012,691
0,0,-1,-1,0,0,"{0227F96B-059D-4874-9F5AFD3A5C68D490}",1012,692
0,0,0,0,0,0,"{5DFFF456-6E20-4B4B-B7A78245B4C66DC8}",1012,693
0,0,0,-1,0,0,"{8B4AF121-FF52-4F11-8ED14EA5D1583759}",1012,694
0,0,0,0,0,0,"{A9819848-B637-4632-93963C93FADC0D48}",1012,695
0,0,0,0,0,0,"{67C742C2-F99E-43D8-89DBC67732839366}",1012,696
0,0,0,0,0,0,"{BCD77671-B2C5-4096-88B2B295AEA407E2}",1012,697
0,0,0,0,0,0,"{6805CDC0-89F2-4958-A98DE4B0AA86911F}",1012,698
0,0,0,0,0,0,"{9F25392E-07B8-4974-ABEF6C3ED6753436}",1012,699
0,0,-1,0,0,0,"{59F54894-24F7-4777-AC570ECD1CFE8205}",1012,700
0,0,-1,0,0,0,"{C3B31955-31DF-42D1-862857E0C1D015B6}",1012,701
0,0,-1,0,0,0,"{E51AF939-94BF-4A3B-AEFCC751FC21B913}",1012,702
0,0,-1,0,0,0,"{5956D487-CF9B-4261-BA57F7BDE2AC9A72}",1012,703
0,0,0,0,0,0,"{C0009444-3A58-4079-ACCE7084DBC71E9B}",1012,704
0,0,0,0,0,0,"{04C72492-DBD3-4FE1-BD6496B2E36098C2}",1012,705
0,0,0,0,0,0,"{17B8BF82-A52F-41AD-B14EB8E776AD29DD}",1012,706
0,0,-1,0,0,0,"{D28D4A34-41F7-450A-8785DECC81052721}",1012,707
0,0,-1,0,0,0,"{1BD76C60-7878-4BE1-8363DE9E08F9A325}",1012,708
0,0,-1,0,0,0,"{6EDF36FF-A1A4-4745-9E140C30AA9F237D}",1012,709
0,0,0,0,0,0,"{23DDE0BF-DDE8-4E11-B52D6EC9F7D08A6F}",1012,710
0,0,0,0,0,0,"{2C426103-6673-4BD9-B8A7CB84D92A5229}",1012,711
0,0,0,0,0,0,"{C65662DA-8852-4DB9-A693CD89CB7DD70E}",1012,712
0,0,0,0,0,0,"{DC8E4B82-9D22-4F77-BA4521887B5BC21E}",1012,713
0,0,0,0,0,0,"{57CAC682-F6FC-451C-A6FDE772308EF6DA}",1012,714
0,0,0,0,0,0,"{DFD0BE2C-135E-4C16-8C617CE89E24A8D8}",1012,715
0,0,0,0,0,0,"{3974D7DB-1077-4A81-B48693CBBB6B2092}",1012,716
0,0,0,0,0,0,"{2157670A-C521-465A-87D5F2E65E144BBF}",1012,717
0,0,0,0,0,0,"{C383859D-4819-47C7-905F6160EBE90900}",1012,718
0,0,0,0,0,0,"{C71D11D6-7A90-4BED-B1DE0F52AEE819B3}",1012,719
0,0,-1,0,0,0,"{F8D9625F-FECA-40BF-BAC71F6989DE0D6C}",1012,720
0,0,0,0,0,0,"{5A4EBC8F-3E35-41D7-93D2346A3DBBE172}",1012,721
0,0,0,0,0,0,"{7F8A6ADA-3762-4C34-A3B09BEFB36CB4C4}",1012,722
0,0,0,0,0,0,"{BEDC9659-A441-4B7B-852A25E2E00D7A29}",1012,723
0,0,0,0,0,0,"{D0C5E9A7-EF93-4CFE-8BEFBF1A773E493A}",1012,724
0,0,0,0,0,0,"{B67F2D07-963A-4199-B4B9B4F02F07FE85}",1012,725
0,0,0,0,0,0,"{AF915A6F-DA88-4F19-9B472E246532E4FE}",1012,726
0,0,0,0,0,0,"{6A228E89-D56F-46F3-9BD8A3D49D213ACB}",1012,727
0,0,0,0,0,0,"{310F75BA-2BD1-464D-9100501B406CFCD7}",1012,728
0,0,0,0,0,0,"{56BF2860-21A0-4B72-A0175DEB2322E8E6}",1012,729
0,0,0,0,0,0,"{F4FDBADC-A4A1-41BA-B32627BB58024E33}",1012,730
0,0,-1,0,0,0,"{9DA689CA-2E0D-4B35-B59577EE5C4ED444}",1012,731
0,0,-1,0,0,0,"{25ED9B90-3A65-4086-A849BE0AA14A3F9C}",1012,732
0,0,-1,0,0,0,"{DB9C4E38-FB1B-4894-80D5AE2642857253}",1012,733
0,0,-1,0,0,0,"{EBD2F288-847D-4DE5-A73BD52DFD261AF1}",1012,734
0,0,-1,0,0,0,"{452B2956-5E34-4823-A77CDE06023895E3}",1012,735
0,0,-1,0,0,0,"{984F5A0B-F654-4C94-B5DF53ADD8C1E5B0}",1012,736
0,0,-1,0,0,0,"{E8B9734B-54BE-4937-9696159A1EEBC2D4}",1012,737
0,0,0,0,0,0,"{54AE5802-59A6-4CB0-9B977DDB0E8E4555}",1012,738
0,0,0,0,0,0,"{6DB8E87E-BEBE-4253-8AAC53AD280AC937}",1012,739
0,0,-1,0,0,0,"{26740C5E-F1F7-4334-A583A3FB918F1025}",1012,740
0,0,0,0,0,0,"{94A2F3D9-8A61-4AB1-A5A07174B8BE8505}",1012,741
0,0,0,0,0,0,"{E5694167-FE94-49F0-AD9D6517FF94A708}",1012,742
0,0,0,0,0,0,"{7DA9C976-304F-4D3E-B7B29F8826AF1F42}",1012,743
0,0,0,0,0,0,"{C2658EC5-372B-4B11-B3778FE3D13853FD}",1012,744
0,0,-1,-1,0,0,"{2859B20D-CE1B-4B0A-B717F0DAA34341BE}",1012,745
0,0,-1,-1,0,0,"{88AE9188-6289-4692-994E58932E0EAF98}",1012,746
0,0,-1,-1,0,0,"{60478130-8E93-457E-933925EEAF618763}",1012,747
0,0,0,-1,0,0,"{4BC21C0B-8153-47C9-8F6375766F896931}",1012,750
0,0,0,-1,0,0,"{5EC16854-BFAC-4BF6-A24A108A79715CCF}",1012,751
0,0,0,-1,0,0,"{68B8D003-7239-4A1C-80301AEADD0D2843}",1012,752
0,0,0,-1,0,0,"{8C7631CE-F6C6-4D3F-A72CC113DA4242DA}",1012,753
0,0,0,-1,0,0,"{96EC437A-E003-4700-8D27BE7168AEA659}",1012,754
0,0,0,-1,0,0,"{BCDE2ED1-4720-4E05-B5F80236E3EF7F62}",1012,755
0,0,0,-1,0,0,"{779D8D83-495B-49E6-B69E0E1465B4E51E}",1012,756
0,0,0,-1,0,0,"{6CEC6CA9-C7A4-4329-9797498713E895FD}",1012,757
0,0,0,-1,0,0,"{8B44A700-4595-43AE-ABDF2CBD80BC61F4}",1012,758
0,0,0,-1,0,0,"{9EC01CCC-1A90-498B-A77ECADCD2BE042B}",1012,759
0,0,0,-1,0,0,"{04F569B5-CB74-4C4B-97BF33231E03514E}",1012,760
0,0,0,-1,0,0,"{6620E016-75D8-4B4F-AC099BD10E0AC8E1}",1012,761
0,0,0,0,0,0,"{A9825799-9212-4BF0-B2500640863D8872}",1012,762
0,0,0,-1,0,0,"{FADB0DA0-42E3-4161-BBC66E25463F3947}",1012,763
0,0,0,0,0,0,"{3A9B173D-C988-46DD-A5993AA1D16351C7}",1012,764
0,0,0,-1,0,0,"{6DC807A1-D73F-4573-828927608280D350}",1012,765
0,0,0,0,0,0,"{B664686D-0DFC-438B-9C6305150C644D4C}",1012,766
0,0,0,-1,0,0,"{C71ABE7A-6ED5-4A64-B8039896D9D1B4B7}",1012,767
0,0,0,0,0,0,"{57863A54-C59C-4B15-8FCBE5438FB822CD}",1012,768
0,0,-1,0,0,0,"{B341D65E-7DE8-4BAA-A9B3D7E1D5F73F2C}",1012,769
0,0,0,0,0,0,"{6FF51EA6-56A7-494D-83CAF09916175837}",1012,770
0,0,0,0,0,0,"{FFD87BA2-065E-4008-BC87BF2C5A3A036A}",1012,771
0,0,0,-1,0,0,"{564459F8-23A4-41D6-997EFD79CD9620A6}",1012,772
0,0,0,-1,0,0,"{F97941F8-BE8C-487E-B7EBEB7CE2FEF535}",1012,773
0,0,0,0,0,0,"{3F4DC918-5F13-4D61-AB94553D876FE7E7}",1012,774
0,0,0,0,0,0,"{CAF00C12-2D1B-4AC2-8FF1523138FD3C3C}",1012,775
0,0,0,-1,0,0,"{8833416F-E053-4BA7-B5527970CBEB937C}",1012,776
0,0,0,-1,0,0,"{1F000023-F9B0-4A99-A295E2BD0FDB7B98}",1012,777
0,0,0,0,0,0,"{992F644A-585A-434C-B42F625F69262441}",1012,778
0,0,0,-1,0,0,"{9DDA5C48-EDB1-422B-AA49FB7FD1D1ACBF}",1012,779
0,0,0,0,0,0,"{B5C85091-5210-4CC5-B6787BCE6B3204BF}",1012,780
0,0,0,0,0,0,"{93B93A6A-C3CA-4D8A-87673FC6F206018D}",1012,781
0,0,0,0,0,0,"{B62DEB0F-ECBA-4A47-ABD5493161780685}",1012,782
0,0,0,0,0,0,"{0B612678-E204-4954-BA8393AE41118A4A}",1012,783
0,0,0,0,0,0,"{C9C3BA6C-CC02-40FA-B348498F93F35873}",1012,784
0,0,0,0,0,0,"{7A95C2B0-6EC1-4526-9D0DCF29A77C1DD7}",1012,785
0,0,0,0,0,0,"{3AA010A5-7566-46C1-8D2E40E1D781049C}",1012,786
0,0,0,0,0,0,"{910E398F-25A1-476A-86BD1145263D1FAB}",1012,787
0,0,0,0,0,0,"{3F5FA816-8136-4D38-8ADC12F02EB7A31E}",1012,788
0,0,0,0,0,0,"{19C51554-4427-4239-9BE611C93078BF29}",1012,789
0,0,0,0,0,0,"{77231A91-ED86-4051-8DB9CCF9117404F2}",1012,790
0,0,0,0,0,0,"{314D5846-7CFA-4004-98808EE9525CFC58}",1012,791
0,0,0,-1,0,0,"{D3AEFAC1-0C4C-49C0-9346843265D50741}",1012,792
0,0,0,-1,0,0,"{10A3772A-C2D3-491B-9A291A324C0BB1E1}",1012,793
0,0,0,-1,0,0,"{5011DA99-4A60-4C83-8B4F6F769CA5AEF1}",1012,794
0,0,0,0,0,0,"{C349EE36-5218-478B-94771EDD638743EA}",1012,795
0,0,0,0,0,0,"{30799EDC-8629-4CE0-96A8BFB76F5A35EB}",1012,796
0,0,0,0,0,0,"{61EB1318-2FD0-41FC-A15919892A83F338}",1012,797
0,0,0,0,0,0,"{EF698E7D-FF0E-44D6-880F05A38242A65A}",1012,799
0,0,0,0,0,0,"{63430611-E440-45D3-B375CA9CC2231414}",1012,800
0,0,0,0,0,0,"{505EEFD4-9C10-416A-BBE8BA933648D06B}",1012,801
0,0,-1,0,0,0,"{D1478196-2470-4A44-A0F9F1DA8D405C4D}",1012,802
0,0,0,0,0,0,"{D748B880-B700-4B99-A06273C2ADB3DCAB}",1012,803
0,0,0,-1,0,0,"{6C69AC82-D4FF-41CC-B6F97F376D724065}",1012,804
0,0,-1,-1,0,0,"{1DC23780-CC0A-4E47-A8CD3A9832CEE433}",1012,805
0,0,0,0,0,0,"{0D8B1D20-09E5-4DD9-A40C8866092F8CB5}",1012,806
0,0,0,0,0,0,"{685D4670-583D-4261-BC996BAD44A77B47}",1012,807
0,0,0,0,0,0,"{F0C5312D-B64E-4251-BC3A2F578FFC2476}",1012,808
0,0,0,0,0,0,"{9C4A3FD6-4DE4-49FB-AF5979668E8CAC8F}",1012,809
0,0,0,0,0,0,"{EE737BC6-47A6-4AF4-81285378701F3D61}",1012,810
0,0,0,0,0,0,"{417032A8-8376-4C9F-A0CAEAFE1F2A8814}",1012,811
0,0,0,0,0,0,"{3F60C91E-B32D-4BED-B9A78EA9D7C64DB1}",1012,812
0,0,0,0,0,0,"{39A6E600-6BA5-4F26-A793C0FFC17935A9}",1012,813
0,0,0,0,0,0,"{923FB394-6F35-436B-97158F5932693EB6}",1012,814
0,0,0,0,0,0,"{6FED8D7A-94B4-420F-A468FD00F3DF8286}",1012,815
0,0,0,0,0,0,"{CD0C95AF-F8E1-4BE7-8C77A81C13749DFD}",1012,816
0,0,0,0,0,0,"{467CBA3D-40E3-4085-951E884289E010D5}",1012,817
0,0,0,0,0,0,"{E40F214B-A3B4-4F7B-AB5D2D6A1699D10D}",1012,818
0,0,0,0,0,0,"{F0784EDF-ABBB-4985-964BD4196210FDEA}",1012,819
0,0,0,0,0,0,"{3226FAA4-BC73-4186-BBD3807B2470308A}",1012,820
0,0,0,0,0,0,"{F2FD323E-FB20-4718-A88B206F377381F8}",1012,821
0,0,-1,0,0,0,"{2B8CD279-B9CD-42CC-8549656A2FE92AF6}",1012,822
0,0,-1,0,0,0,"{AF0D4F11-457B-44DE-AD86DF1F4B78C659}",1012,823
0,0,-1,0,0,0,"{108F2203-A7AF-49A0-A92168652836001C}",1012,824
0,0,0,0,0,0,"{11ABB5F9-19C7-4A02-A9C3137C950B88B8}",1012,825
0,0,0,0,0,0,"{355D5015-7959-4E42-B5C4B4C52D50AFDE}",1012,826
0,0,0,0,0,0,"{DB2BC148-87DE-4A7E-9CCD1B6A8CADDB5C}",1012,827
0,0,0,0,0,0,"{FF63774D-CA53-46C4-9BCC8A6308B08D60}",1012,828
0,0,0,0,0,0,"{2A345D35-546B-43B9-9F0D8A975EF5AEA0}",1012,829
0,0,0,0,0,0,"{F8FB4BA2-AAA1-4ADB-84F6B53F499BD59A}",1012,831
0,0,0,0,0,0,"{49A87A69-8DED-4113-84EDEA9DF5458756}",1012,832
0,0,0,0,0,0,"{D46F1EAE-250F-45F8-8D2B6C20DA1B372F}",1012,833
0,0,0,0,0,0,"{9AB42D2A-3094-40F2-BDDDD65028850FD3}",1012,834
0,0,0,0,0,0,"{40A52268-3D73-4414-8B8534336BBC8DE4}",1012,835
0,0,-1,-1,0,0,"{580A19EF-5A6C-4C85-8F4EA35AF3AAC54E}",1012,836
0,0,-1,-1,0,0,"{AD9561D7-7F5D-4180-869B4D1E28C5F359}",1012,837
0,0,0,0,0,0,"{CA4E3092-CD99-436A-80B0A8DC68958D73}",1012,838
0,0,0,0,0,0,"{C90BAD3A-8D19-4675-94CB823044C9B818}",1012,839
0,0,0,0,0,0,"{35F6C443-A6FD-4328-BA0315742EC85E44}",1012,840
0,0,0,0,0,0,"{8F9846A3-D862-420F-B319BC7C1ECD849A}",1012,841
0,0,0,0,0,0,"{50A2CCC7-C121-431D-80BE2F2B53A55F8F}",1012,842
0,0,0,0,0,0,"{53B3EE27-CBB4-4ED0-A616BA0D763CCA39}",1012,843
0,0,-1,0,0,0,"{8D4A62C8-609F-4426-AF9201DCAB217C39}",1012,844
0,0,0,0,0,0,"{FD0ED95C-D8A8-4C08-96F8C5A37E104A8F}",1012,845
0,0,0,0,0,0,"{A9BEA83A-78A9-4564-B3039636223072B5}",1012,846
0,0,0,0,0,0,"{DC2A99FB-C8E3-48D9-B0A4A02493E40FF8}",1012,847
0,0,0,0,0,0,"{C51565A7-8BF0-4B34-A3CB7DDC7B5B05DF}",1012,848
0,0,0,0,0,0,"{85D872A0-F39D-471C-9A7EEB2561C84EF7}",1012,849
0,0,0,0,0,0,"{0BBAB179-46D5-4497-BA91299A6CFA62AC}",1012,850
0,0,0,0,0,0,"{2FB989A4-99C6-4F25-BE703A2377B39298}",1012,851
0,0,0,0,0,0,"{F6F3D3C1-80AE-4A8F-AF82E8A273F0FBC7}",1012,852
0,0,-1,0,0,0,"{3DE98C49-1892-4061-93E33567A1B8B0CC}",1012,853
0,0,0,0,0,0,"{F60A7F90-A0B9-4A27-9D21E382FA23D8CC}",1012,854
0,0,0,-1,0,0,"{053A31EF-FA30-4D9F-9776B496B7A99FCE}",1012,855
0,0,-1,-1,0,0,"{40D10CC6-12DA-4A6F-9AA06F28B9ECE5A5}",1012,856
0,0,0,0,0,0,"{72696EE1-40BF-44CE-BE37FFB4C2307007}",1012,857
0,0,0,0,0,0,"{CC3825E8-739B-4E55-BB908930046DE015}",1012,858
0,0,0,0,0,0,"{1EEF3A0F-3BEE-4E2B-83DCF2C484B81AD9}",1012,859
0,0,0,0,0,0,"{5771CC21-3825-420C-8832036AA570C991}",1012,860
0,0,0,0,0,0,"{56F19AF9-6F22-4A21-A695DA501729710C}",1012,861
0,0,0,0,0,0,"{9CE6E685-D4A1-4ADA-950F16E397A50D8E}",1012,862
0,0,0,0,0,0,"{70B7BC5A-DEC3-4961-ABCAD3A13E8B272F}",1012,863
0,0,0,0,0,0,"{3C15C1D8-F64A-436B-B1C783DDFFF912C4}",1012,864
0,0,0,0,0,0,"{6A3D432D-D41D-49AC-BD8178F74C749BF5}",1012,865
0,0,0,0,0,0,"{03382190-CD80-490A-950BDA7CFBBBF641}",1012,866
0,0,0,0,0,0,"{C3C8D908-0E46-4C55-8C0D0F748E3BDAF9}",1012,867
0,0,0,0,0,0,"{E9E869A6-46B3-4676-B8185250617F2A1A}",1012,868
0,0,0,0,0,0,"{24FE7A3B-C938-4812-AAEDCEC9C6DED2AF}",1012,869
0,0,0,0,0,0,"{DF2DF413-760A-4285-9125934BFB5DAAE9}",1012,870
0,0,0,0,0,0,"{BB2A384D-FDC9-4375-93EA7F8CB03557BA}",1012,871
0,0,0,0,0,0,"{4749E4D3-E9A7-4E38-83501F280A60821E}",1012,872
0,0,-1,0,0,0,"{E3E9EEC8-90E7-4E70-A64523BAD39F8DA1}",1012,873
0,0,0,0,0,0,"{D9D71617-0093-4E8B-A534D1552DF3481E}",1012,874
0,0,0,0,0,0,"{29B6A08C-73F9-4317-A854ABA25449A78A}",1012,875
0,0,0,0,0,0,"{AA0D3BE4-A0B4-4505-AEB12994C5331373}",1012,876
0,0,0,0,0,0,"{3B51FF75-98E0-41B8-B9CB4F6F0375A736}",1012,877
0,0,-1,0,0,0,"{36DAB95D-E2AA-4FED-8542694C04372BEE}",1012,878
0,0,-1,0,0,0,"{DB46A7BA-3153-49A7-BB9401524934C945}",1012,879
0,0,-1,0,0,0,"{84F1923A-99CA-4AE8-8F2ED9FC64B99935}",1012,880
0,0,-1,0,0,0,"{8C522E87-8D4C-490F-9C9DF4E43C4AE607}",1012,881
0,0,-1,0,0,0,"{6FE415A1-CDDD-4739-89950813DB19D018}",1012,882
0,0,-1,0,0,0,"{FA146CEF-B9A0-4E0D-9306DE1EA0BBADB2}",1012,883
0,0,-1,-1,0,0,"{39F2EFD1-E0A5-45E2-8CB85DBC0586A291}",1012,884
0,0,-1,-1,0,0,"{08EA3ED0-BDBC-468C-9BB85E03383E8938}",1012,885
0,0,-1,0,0,0,"{E149F6BF-F2DF-44CD-9773A25D05FFF079}",1012,886
0,0,0,-1,0,0,"{8EC26153-3027-4FE6-AB18C5412B02380B}",1012,887
0,0,0,-1,0,0,"{625148C0-6354-47B4-88D7576C086AEB53}",1012,888
0,0,0,-1,0,0,"{0804F7E3-AD55-48AA-9F14C8F30EC343D0}",1012,889
0,0,0,-1,0,0,"{38BDB234-F6A2-4D96-9F83D65BAC04409A}",1012,890
0,0,0,-1,0,0,"{49B0F15C-C7D1-414D-AD63759106F88B59}",1012,891
0,0,0,-1,0,0,"{B41B3C29-1838-47BD-9637FBE18A925228}",1012,892
0,0,0,-1,0,0,"{97A70E15-11DE-4765-B0A5EC3E5A0FF551}",1012,893
0,0,0,-1,0,0,"{ACAD0D66-7B33-4A9A-BA468EAD3FB8801E}",1012,894
0,0,0,-1,0,0,"{93CB4691-D7F7-43F1-A8E29DA3B27F28E9}",1012,895
0,0,0,0,0,0,"{5D700ADB-28CD-4BFE-A09E88D0DAE08D39}",1012,896
0,0,0,-1,0,0,"{89167959-83C8-4947-BC986B4D7EFB592B}",1012,897
0,0,0,0,0,0,"{F32DDFBC-F02C-4EA7-A4D085E2630BB794}",1012,898
0,0,0,-1,0,0,"{5AC293F5-71A4-47B8-89BE1C1C047AAC90}",1012,899
0,0,0,-1,0,0,"{7188CB6D-2861-43FA-A0C3791EEB87E498}",1012,900
0,0,0,-1,0,0,"{8EDDACA2-DB1B-494C-B6E26BD6A428789B}",1012,901
0,0,0,-1,0,0,"{0F73F2DD-72F7-4E29-BCBB82EC18C86392}",1012,902
0,0,0,-1,0,0,"{AFF63F56-2E90-4BAC-8BB5459AAB24C604}",1012,903
0,0,0,-1,0,0,"{D8C29AF3-C50A-471B-BCD185D1136EEE7E}",1012,904
-1,0,0,0,0,0,"{39CA6399-522E-443C-BCB8BE0F3CDBAF6C}",1012,1037
-1,0,0,0,0,0,"{4BF444DD-5FF7-455A-8DB8FEB9E1DFF3AC}",1012,1038
-1,0,0,0,0,0,"{D97C274C-BB60-483B-9426ED23D3FE8FCE}",1012,1040
-1,0,0,0,0,0,"{FF9398BE-DFE4-4124-82BC93D7DECD4DAB}",1012,1041
-1,0,0,0,0,0,"{512FA146-1EDA-4BB0-92F5ABC44168768B}",1012,1067
-1,0,0,0,0,0,"{AD0A6A5C-E02B-4DD1-A92593E0136C99EF}",1012,1068
-1,0,0,0,0,0,"{E195AC65-75A6-48F9-BA98B0BDA4E37D36}",1012,1070
-1,0,0,0,0,0,"{49CE6CE0-98D2-4656-89A5703503637FFC}",1012,1080
-1,0,0,0,0,0,"{F6DE353A-8485-448E-AAF3CA277001B724}",1012,1096
-1,0,0,0,0,0,"{6EBDB43D-78D8-4E5F-804873C07279DA5A}",1012,1099
-1,0,0,0,0,0,"{101A6BA1-36CF-47AB-B79B9B683C694594}",1012,1324
-1,0,0,0,0,0,"{11440A4E-80A2-4783-B3DC570C0F1638C3}",1012,1325
-1,0,0,0,0,0,"{AC6923A5-DDC1-40A8-A3DA3F17F02C9392}",1012,1327
-1,0,0,0,0,0,"{F95D90AB-B5E7-4985-8E6D7DBDFB36CAFC}",1012,1328
-1,0,0,0,0,0,"{D4C97595-6C3D-4CCD-A8DBD9BAC5681E42}",1012,1329
-1,0,0,0,0,0,"{0BDA17A2-83A5-40DE-8C3B409AAAC5B431}",1012,1330
-1,0,0,0,0,0,"{19CE7E7E-1A6D-4403-958795AA8055C479}",1012,1331
-1,0,0,0,0,0,"{A9ABAB1D-59B3-45C0-8AD2F6192DBFA6C7}",1012,1334
-1,0,0,0,0,0,"{B0D51E94-E46B-4458-99D6F92136D62FEB}",1012,1335
-1,0,0,0,0,0,"{BAD0D3AC-F1C4-477B-8695451703BB4926}",1012,1336
-1,0,0,0,0,0,"{627035A6-8316-4423-BFB2D181289E1EA2}",1012,1359
-1,0,0,0,0,0,"{0FA7273D-573E-4F55-80B24CDB2C744F53}",1012,1362
-1,0,0,0,0,0,"{B1CA205B-83DF-42D7-B060B3E72E394947}",1012,1363
-1,0,0,0,0,0,"{355BD288-919C-4AE6-AE2B24121C553C09}",1012,1365
-1,0,0,0,0,0,"{BDA37781-1E5C-4BB5-9ED7714ED516112B}",1012,1366
-1,0,0,0,0,0,"{8CBFFC6E-A0A8-4813-ACF8ABCC6252ACE7}",1012,1369
-1,0,0,0,0,0,"{DC8192B4-2AF9-467C-943A9594A9BD2E7F}",1012,1370
-1,0,0,0,0,0,"{29AF6C1A-816B-455D-8BA3F39908E12191}",1012,1371
-1,0,0,0,0,0,"{CC42046B-2EF7-4E8B-87A3CD2DE785AFC7}",1012,1372
-1,0,0,0,0,0,"{B5F33A4B-371F-4902-9B2B2825BC20E476}",1012,1373
-1,0,0,0,0,0,"{B6C53260-F164-4A0B-901C205162A38B67}",1012,1378
-1,0,0,0,0,0,"{3AF2F60F-C862-4446-90156FFC41ABA335}",1012,1379
-1,0,0,0,0,0,"{08CFC5A5-57C6-447A-A40538F44CF67253}",1012,1380
-1,0,0,0,0,0,"{1A433DEB-09AB-4395-9FB503C589282767}",1012,1382
-1,0,0,0,0,0,"{C914F590-40D9-41C0-ABAC335FC4DE81F9}",1012,1397
-1,0,0,0,0,0,"{A772271A-E04B-4325-B111C506AB68BACF}",1012,1402
-1,0,0,0,0,0,"{42490A9C-E18A-4049-ACE9320337C07832}",1012,1405
-1,0,0,0,0,0,"{96BB0A03-591B-4C0D-B7EE4F19AFAD15ED}",1012,1410
-1,0,0,0,0,0,"{1F2E7DA7-043F-4DEF-84340CBB7C718D78}",1012,1412
-1,0,0,0,0,0,"{F130A678-1465-4D06-83AA4EBFA0A3D1DC}",1012,1423
-1,0,0,0,0,0,"{D8EF82DF-DEDE-45C1-91906DC9EBCC70FC}",1012,1433
-1,0,0,0,0,0,"{51464311-7B8E-4059-B2516C8CB322859C}",1012,1434
-1,0,0,0,0,0,"{9E709123-455C-4650-90137FA74C17437D}",1012,1448
-1,0,0,0,0,0,"{C8D5B8E4-624F-4866-BDDDD6E74FBAEFD9}",1012,1453
-1,0,0,0,0,0,"{7A45063F-C145-49D7-8F407B7BDD3D1677}",1012,1454
-1,0,0,0,0,0,"{307B58C0-BBC0-4272-B8F02151FC6071A9}",1012,1461
-1,0,0,0,0,0,"{086C006C-F504-4028-9FF732E8E0FB2040}",1012,1462
-1,0,0,0,0,0,"{980337AB-5FD0-4660-85C9C16D39D73962}",1012,1463
-1,0,0,0,0,0,"{D8F7F2A1-C64E-4A2A-A2B576FC2AADE3B5}",1012,1464
-1,0,0,0,0,0,"{1ADF3D14-8ABB-4B64-848005C3AA1684EC}",1012,1468
-1,0,0,0,0,0,"{2056D2BA-01D5-4579-81CE413D940A5B05}",1012,1469
-1,0,0,0,0,0,"{D93A479B-0F7B-4CF6-A4DC53ECA7F832D2}",1012,1470
-1,0,0,0,0,0,"{576CA9A9-5433-414E-99A44BBB74EFCCDE}",1012,1471
-1,0,0,0,0,0,"{C8C7CAE1-E65F-40FD-A6D78635E7B12753}",1012,1472
-1,0,0,0,0,0,"{B6A8D103-52FE-4C31-ACBE2A396AB18BB3}",1012,1473
-1,0,0,0,0,0,"{F76F7BA6-3BED-4017-854E33487E1BDD97}",1012,1486
-1,0,0,0,0,0,"{BD4F69EF-54FB-41ED-AFAB1521767309E8}",1012,1507
-1,0,0,0,0,0,"{469BA5A1-D27F-4056-BADF36599F405C63}",1012,1517
-1,0,0,0,0,0,"{6F1C512B-2DB3-49AC-AE6B30880444D3B3}",1012,1519
-1,0,0,0,0,0,"{3B420F6F-FA0B-4774-BF8D50D3F3D85644}",1012,1521
-1,0,0,0,0,0,"{FECBF93E-4F4B-4A27-BEF6DC05912CD45E}",1012,1524
-1,0,0,0,0,0,"{347090EC-0C56-46C2-AC362466C5A6922F}",1012,1541
-1,0,0,0,0,0,"{9B38E319-B873-4493-ADBD693D0B20D6A2}",1012,1547
-1,0,0,0,0,0,"{0C52FB9A-F89E-4AB0-B3601235A3197BFA}",1012,1554
-1,0,0,0,0,0,"{5EDF5779-012F-46D8-8658AC89E7F0E8B7}",1012,1558
-1,0,0,0,0,0,"{92F92724-090C-4481-8F6BB47A6DFCE133}",1012,1559
-1,0,0,0,0,0,"{38B6242D-AF3E-49F5-AF93D20C14214BEE}",1012,1560
-1,0,0,0,0,0,"{9B26409C-DFB4-4D12-ACA59D67176B51F4}",1012,1561
-1,0,0,0,0,0,"{FB5F76C4-2AFA-4C71-838DDE85A93D1513}",1012,1562
-1,0,0,0,0,0,"{E804E769-25AB-4B19-A1306CDB43F40F06}",1012,1565
-1,0,0,0,0,0,"{97BB5BF7-1244-4EE6-ADAEC5C141160939}",1012,1618
-1,0,0,0,0,0,"{839B493A-59B3-4239-9465550292B88779}",1012,1624
-1,0,0,0,0,0,"{BA2A378F-5E71-4A91-9D5704DB8B794A9C}",1012,1627
-1,0,0,0,0,0,"{37037022-F471-42A0-A005292C159EF2D3}",1012,1629
-1,0,0,0,0,0,"{9149551B-5540-4B36-B861B59F9894E2A2}",1012,1632
-1,0,0,0,0,0,"{A7D0A96D-FAFA-4F70-AC5B47DA62A82697}",1012,1635
-1,0,0,0,0,0,"{FBF345B0-4E7E-4575-B0F242CA9E6DB146}",1012,1636
-1,0,0,0,0,0,"{84456803-CD92-4616-9A833B1548B8EB05}",1012,1637
-1,0,0,0,0,0,"{51072A62-A877-41A1-A866307DA51D62F4}",1012,1638
-1,0,0,0,0,0,"{4A5AA110-19B9-4650-878A197F29A19045}",1012,1640
-1,0,0,0,0,0,"{90DA304F-003F-4645-991F0EDC206E870A}",1012,1641
-1,0,0,0,0,0,"{B3F8E154-EF4D-4A7F-A979E4C10FA2CA9C}",1012,1645
-1,0,0,0,0,0,"{E41C50C4-A32D-4A45-B1D98BA3B159D56B}",1012,1646
-1,0,0,0,0,0,"{EA4B13B2-553B-4D87-A9ABBDC1379B5F7D}",1012,1651
-1,0,0,0,0,0,"{5CF0F7D2-5439-4D86-8E6D5A9591E7D70D}",1012,1655
-1,0,0,0,0,0,"{43152EDD-5B8B-4A57-B21CCEB76BE08F01}",1012,1663
-1,0,0,0,0,0,"{43E13964-F2A2-4E13-9C3C63931570EFB5}",1012,1664
-1,0,0,0,0,0,"{3CED0B0C-5869-4A14-997588C5A2182E93}",1012,1667
-1,0,0,0,0,0,"{31B9F905-EB0B-40E7-A96313F4AE0813FA}",1012,1670
-1,0,0,0,0,0,"{82B954A1-84E1-4EFE-91582A1D6ACE7CE5}",1012,1671
-1,0,0,0,0,0,"{C0AE77A8-A0EC-47D5-B73752F6ED0E00E0}",1012,1672
-1,0,0,0,0,0,"{0377452C-4B8E-4622-91E3280C7DC10872}",1012,1673
-1,0,0,0,0,0,"{9621102F-7569-481F-A46F2BE9B0460C78}",1012,1675
-1,0,0,0,0,0,"{98DFA04C-C7BB-4258-997B2EEDDF42EA6E}",1012,1676
-1,0,0,0,0,0,"{49F67CBB-0C0A-4F5E-B373F189E37CB0E6}",1012,1691
-1,0,0,0,0,0,"{29096E8F-8F2E-4668-AC236EB46B7BA9FF}",1012,1692
-1,0,0,0,0,0,"{9D634B77-E813-4AB1-A7D20BABBB489112}",1012,1693
-1,0,0,0,0,0,"{D2DAB4BD-75A4-41B7-A2A51E895C44AAE7}",1012,1694
-1,0,0,0,0,0,"{487BB977-B2A7-45A3-B4704216B1AA5104}",1012,1695
0,0,-1,0,-1,0,"{671BCC59-B325-4A0E-A6C7C979C87E9B8E}",1012,1696
0,0,-1,0,-1,0,"{88AA6607-F231-4C22-8379E72B31C46F8C}",1012,1712
0,0,-1,0,-1,0,"{92EE30E2-6A04-42EB-98A8A64959142C7B}",1012,1713
0,0,0,-1,0,0,"{56289AC9-095B-430D-97F9F60AC3AF7989}",1012,1718
0,0,0,-1,0,0,"{99391852-06F5-4B3B-8AC14630770D23E3}",1012,1719
0,0,-1,-1,0,0,"{2205491F-F005-4D7B-B278FE5BE51C6093}",1012,1721
0,0,-1,-1,0,0,"{5AE227B0-6AB5-47FD-996CC342376B4C9D}",1012,1722
0,0,-1,-1,0,0,"{94573138-63D5-4C07-9A22DACA137E4BA3}",1012,1723
0,0,-1,-1,0,0,"{CA0BFCD0-834A-4A3D-9272BDFB1CD47E7D}",1012,1724
-1,0,0,0,0,0,"{9A79A6DC-F605-43E0-86DAF750EAAAB8B3}",1012,1725
0,0,0,-1,0,0,"{2D7E33E9-56DE-4C2F-B12044B756F099F8}",1012,1726
0,0,0,-1,0,0,"{260B4C94-3EEC-42CF-8C780E649BF9D108}",1012,1727
-1,0,0,0,0,0,"{F40B595A-2999-467E-81B9F4C632E527A0}",1012,1728
0,0,0,-1,0,0,"{7567285B-C663-4AA0-917251B13E3231C9}",1012,1729
0,0,0,-1,0,0,"{E2833F27-A4D3-434C-928ECFA3F148E619}",1012,1730
0,0,0,-1,0,0,"{221985B6-4A30-4776-9D61F8309669B20F}",1012,1731
0,0,0,-1,0,0,"{F64B9762-E2ED-4D26-BF052BA2DFC9AB38}",1012,1732
0,0,-1,-1,0,0,"{5EADA197-D299-4920-AD08AF9A0E5BBA07}",1012,1734
0,0,-1,0,0,0,"{177F79A6-512A-A147-81119E0CE2226DCB}",1012,1735
0,0,-1,-1,0,0,"{A6A9FA5C-DBD7-42A7-9D3BFA4256EC46CE}",1012,1736
0,0,-1,0,0,0,"{309A6D53-A364-455C-94E5B82A675B91F6}",1012,1737
0,0,0,-1,0,0,"{FA76A177-FD41-4BC5-805D876E01607374}",1012,1738
0,0,-1,0,0,0,"{DAA57B78-AC5D-4033-837329686B715348}",1012,1739
0,0,0,-1,0,0,"{59C0BB17-935F-48B1-B68F1F415EB588B8}",1012,1740
0,0,0,-1,0,0,"{426EB4D2-6E3F-4338-865659DCAF6C2386}",1012,1741
0,0,-1,0,0,0,"{E54F9632-48E2-4A7F-94D9C99098595E5A}",1012,1742
0,0,-1,0,0,0,"{FE925859-2EBA-4E71-9AEECA3A8184E4F6}",1012,1743
0,0,-1,0,0,0,"{B5BEB973-34FB-4C89-88D00BF4EB136F0A}",1012,1744
0,0,-1,0,0,0,"{9E72A53F-A766-4B2D-A5F26C815C513E70}",1012,1745
0,0,0,-1,0,0,"{26618F79-BBDA-41A1-B903E3AC4898A058}",1012,1746
0,0,0,-1,0,0,"{950522C5-2A27-4AE0-82355D8A38DF4FA2}",1012,1747
0,0,0,0,0,0,"{3E173052-FCF9-4D5C-A35897D0332AAACD}",1012,1748
0,0,-1,0,0,0,"{5F209156-9196-4E82-A4EA74FCA2B8A601}",1012,1749
0,0,-1,0,0,0,"{CE554231-B60D-4F1D-8A0A73F999ADE5C4}",1012,1750
0,0,-1,0,0,0,"{083225BF-E4C6-4CBA-B8B3E6E0A4A36750}",1012,1751
0,0,-1,0,0,0,"{58A57DB8-0835-47CC-881246A25FD0CCD3}",1012,1752
0,0,0,-1,0,0,"{05EC9732-9D4E-40EF-B60BCD51CCDF2743}",1012,1753
0,0,0,-1,0,0,"{BEA9A668-F7DE-47C3-8D57EC3FADAE2689}",1012,1754
0,0,0,0,0,0,"{5FE00D72-F40D-472E-8BBCEC71637E6843}",1012,1755
0,0,0,-1,0,0,"{3EAD0D31-D859-4C75-96CAAC5700C8901A}",1012,1756
0,0,0,-1,0,0,"{6FC7B24A-0502-4CCF-A4B09CE6F55722B5}",1012,1757
0,0,0,-1,0,0,"{AC59F96D-8D9B-49DF-98B168A693739D0C}",1012,1758
0,0,-1,0,0,0,"{40B69C34-D75C-41CE-ABB9562A7EFB0A66}",1012,1759
0,0,0,-1,0,0,"{012FDC56-4593-411F-AD3D75DF5A835DA7}",1012,1760
0,0,0,0,0,0,"{3A9FADA6-0D89-4A53-83873EC739EC7828}",1012,1764
0,0,0,0,0,0,"{71A9D59D-BB62-4C56-B774A88FF28CF77D}",1012,1766
0,0,0,0,0,0,"{C55EE767-3531-4F9B-B0FCE1EA36F0F9BD}",1012,1770
0,0,0,0,0,0,"{ACB847ED-9A79-4469-8017332482B26FD4}",1012,1771
0,0,0,0,0,0,"{BD88D4C1-F3CE-4726-81D775C71A61707A}",1012,1772
0,0,0,0,0,0,"{5A95BABB-C7D1-45B1-8721DBB6EAC2B0C8}",1012,1773
0,0,0,0,0,0,"{418AB3A6-0B76-470B-873B7C99912E2BB3}",1012,1774
0,0,0,0,0,0,"{F33750C3-0E71-4651-9AAD3DAFCA3A8707}",1012,1775
0,0,0,0,0,0,"{573D690A-DDD2-405C-B8F7EFCD6287E4C1}",1012,1776
0,0,0,0,0,0,"{4A76A9C1-BBAE-474B-8AFB0BC93280C465}",1012,1777
0,0,0,0,0,0,"{7177D591-32B9-454E-9EFFC6FD3CB1F254}",1012,1778
0,0,0,0,0,0,"{3C1F9FE8-1967-43BC-B927EC520A325D13}",1012,1779
0,0,0,0,0,0,"{A7A28C6D-50B2-423E-ABF3187A2D11778F}",1012,1780
0,0,0,0,0,0,"{CB270302-9B19-4ABC-831FA021D5D7AA1D}",1012,1781
0,0,0,0,0,0,"{6F4EA919-4769-470B-919CE1770A9E519C}",1012,1782
0,0,-1,0,-1,0,"{8A35AEB6-174F-46E2-9AAC5AC4BEEFB1DF}",1012,1783
0,0,-1,0,-1,0,"{759E9771-5402-4757-A323C2DE8045AD53}",1012,1784
0,0,-1,0,-1,0,"{44FD796C-18B9-4E8D-91C581ABED7AF391}",1012,1787
0,0,-1,0,-1,0,"{66D9C8E9-E4A9-471C-8FCAB14F9EB3ECFF}",1012,1788
0,0,-1,0,-1,0,"{F5E4FEA5-3265-41A6-89F73443563D38CC}",1012,1789
0,0,-1,0,-1,0,"{3D47C779-3C31-4FCC-8DCFC2C83ACDA0D6}",1012,1790
0,0,-1,0,-1,0,"{21BD51F6-538F-4D9F-8EAB8C0771641C38}",1012,1791
0,0,-1,0,-1,0,"{D0E8D21E-E8D0-4CA0-824BD5B8ADB3A79B}",1012,1792
0,0,-1,0,-1,0,"{B5435921-605C-46C6-B72752DEC9EFBA2F}",1012,1793
0,0,-1,0,-1,0,"{0CE11ECD-73AC-437C-937A74993FF6DA92}",1012,1794
0,0,-1,0,-1,0,"{5D948E15-59F4-4C8D-B4E60E9F740A531C}",1012,1795
0,0,-1,-1,0,0,"{B76D11CD-E156-4A76-BFF1F1FE1F0EBCE1}",1012,1796
0,0,-1,-1,0,0,"{1E22BA36-A399-4D5E-BA9287B0C4B41A89}",1012,1797
0,0,0,-1,0,0,"{E3005702-D8D5-462A-9FC62CE3620660BE}",1012,1798
0,0,0,0,0,0,"{7752CFA1-510E-46E1-B94D4500CE6C9F5A}",1012,1799
-1,0,0,0,0,0,"{47825074-6F20-41DE-A0671A3ED18CE766}",1012,1800
0,0,0,0,0,0,"{E221C2B9-11E3-48C0-9CA404F69AB1BCDB}",1012,1801
0,0,0,0,0,0,"{899BAE53-F9AF-9240-B01126FFF0C30B29}",1012,1802
0,0,0,0,0,0,"{A97928D0-A9FA-8844-9DA75FDF54966D5A}",1012,1803
-1,0,0,0,0,0,"{E7FA644A-AC57-094F-925A6CE9BDE15F0A}",1012,1804
0,0,0,-1,0,0,"{2F77DECB-1305-0242-B1FE3F9EBFB052F5}",1012,1805
0,0,0,0,0,0,"{8F0B6466-6EF6-B641-9846307D4FF03B18}",1012,1806
0,0,0,-1,0,0,"{1B829538-0040-9F4D-B4FA78879CDD3583}",1012,1807
0,0,0,0,0,0,"{6E6BBBB2-353C-AE4C-8E5B27EE8E038457}",1012,1808
0,0,-1,-1,0,0,"{C9488CAE-9DB2-0C45-AB7DADB5B7FAB9C8}",1012,1809
0,0,0,-1,0,0,"{93598415-7373-D343-8B29513C7E3B686B}",1012,1810
0,0,0,-1,0,0,"{72D09FA2-6987-3343-A7BB254907AC2650}",1012,1811
0,0,0,0,0,0,"{693FB6A0-EAEB-8643-86377DD034CA0291}",1012,1812
0,0,0,0,0,0,"{B5B018FC-8A6B-E94C-83DCE3BC60804117}",1012,1813
0,0,0,0,0,0,"{13843CBE-1EBB-A846-A199C577EE9F733D}",1012,1814
-1,0,0,0,0,0,"{019D8A57-1240-4A40-B8EE2E7270531296}",1012,1815
0,0,0,-1,0,0,"{DD7B3089-71AE-3846-A75139EF144641E3}",1012,1817
0,0,0,0,0,0,"{4AF4C472-F717-5040-8AFE71C4C54FBEC1}",1012,1818
0,0,0,0,0,0,"{58F6A961-1B77-AD46-9680F3740E54FBB7}",1012,1819
0,0,0,0,0,0,"{278EA20E-DB19-CC40-B6B35E2BDF4AB246}",1012,1820
0,0,0,0,0,0,"{228D0E82-AEB8-5542-A76178E9C59DDF50}",1012,1821
-1,0,0,0,0,0,"{91EB17F2-C802-D646-92052EE6F34B55B2}",1012,1822
0,0,0,0,0,0,"{59B1AD85-393A-F94A-9A9C3EC06FA6DCEA}",1012,1830
0,0,0,0,0,0,"{428B629C-48B1-A047-91141ECC37269B28}",1012,1831
0,0,0,-1,0,0,"{2DEAE0B7-EE19-594B-9AE211E9DFEE0060}",1012,1832
0,0,0,-1,0,0,"{DFB859C7-8A3C-3945-9D367472D9651B7E}",1012,1833
0,0,-1,-1,0,0,"{4E36EA0E-B165-6849-BF11FDCD7FE2D34B}",1012,1834
0,0,0,-1,0,0,"{39A9DDEF-8906-EA4C-8251479876C31371}",1012,1835
0,0,0,-1,0,0,"{8AD50770-B35F-0445-BBA126FB502A6933}",1012,1836
-1,0,0,0,0,0,"{6740FC81-823A-E745-B764090BFCD34656}",1012,1837
-1,0,0,0,0,0,"{05979DC3-CBF2-8647-AA0E847E62136594}",1012,1838
0,0,0,-1,0,0,"{96B6BBDA-4678-2A43-AA3F90DC798F3BED}",1012,1839
-1,0,0,0,0,0,"{62DCC4EC-D166-B549-9097C96757879371}",1012,1840
0,0,0,0,0,0,"{43CBFD4E-A327-B54B-9B116D7C64B9B97D}",1012,1841
0,0,0,-1,0,0,"{F3D30F34-4709-CD4D-B09A0359F524F032}",1012,1843
0,0,0,-1,0,0,"{7B618357-959E-BB46-86BC6AEE45B4EAA7}",1012,1844
0,0,0,-1,0,0,"{CB3C76A7-8D05-B14C-8C9D5D860C1E004E}",1012,1845
0,0,0,-1,0,0,"{2EAED188-2CEA-3946-9DF62154B0DC0E30}",1012,1846
-1,0,0,0,0,0,"{438DDE77-B151-004B-BD33C92405FDEFF0}",1012,1847
0,0,0,0,0,0,"{B1C46619-ADFD-314F-8503A2ADBDC178EF}",1012,1848
0,0,0,0,0,0,"{CC5C7129-6D8E-8248-A3E5744E00A0FFA9}",1012,1849
-1,0,0,0,0,0,"{4D342D1D-09F9-EA43-84AE987F607704D5}",1012,1850
0,0,0,0,0,0,"{8A677E2F-DC27-9E4B-A1948DD126D9AA55}",1012,1851
0,0,0,0,0,0,"{02B799F8-F410-2F4E-83857B9EBC1BD186}",1012,1852
0,0,0,0,0,0,"{24BCBDC2-6DFE-3245-9800FBF47F1B3262}",1012,1853
0,0,0,0,0,0,"{C79C3FD4-A0E0-0448-849864384C0D29E8}",1012,1854
-1,0,0,0,0,0,"{A67197FF-61BC-1842-BE2C60370595F895}",1012,1856
0,0,0,0,0,0,"{7D21A866-43EF-B444-B46BE0E415FD4018}",1012,1858
0,0,0,0,0,0,"{146AB9F5-D66F-7346-A6D910681046F71A}",1012,1859
-1,0,0,0,0,0,"{5E214285-57AC-D543-B54A7BE5B5133C02}",1012,1860
0,0,-1,0,0,0,"{9B3E9ECC-2A1B-774F-82A73B2D4F1A76C7}",1012,1863
0,0,0,0,0,0,"{E779AC7B-F042-3745-A9EF87F7028ED713}",1012,1864
0,0,-1,0,0,0,"{7BDBCA73-4C76-5C4A-80B0E7A85BC6E95D}",1012,1865
0,0,0,0,0,0,"{BDB5C9EF-39A1-3E45-8E8478187257822D}",1012,1866
0,0,-1,0,0,0,"{9D103A6A-1AF1-1C41-A8E20C38FD5B94DB}",1012,1867
-1,0,0,0,0,0,"{F6D5C9B7-EE5B-904D-AD721D0194466DD4}",1012,1868
0,0,0,0,0,0,"{595105D5-1F15-2C4E-9DBD7391B19D5BC4}",1012,1869
0,0,0,0,0,0,"{5A309409-5093-F34E-81618F82468097A3}",1012,1870
0,0,0,0,0,0,"{3100F10B-07F5-1C4D-91824E82A1551826}",1012,1871
-1,0,0,0,0,0,"{7E6DB6D5-6402-4947-905316273E721371}",1012,1872
0,0,-1,0,0,0,"{5DD7B299-FD47-234B-BBB1A0DB523016CB}",1012,1873
0,0,0,0,0,0,"{5991300E-47D8-0844-ADAAB6545AF6DD76}",1012,1874
0,0,-1,0,0,0,"{587EC445-D892-6148-892E03568519BA90}",1012,1875
0,0,0,0,0,0,"{CA72D6EC-9DC7-934A-9095DE1E80D9EE51}",1012,1876
0,0,-1,0,0,0,"{820DBCA8-CFB3-F74D-B219C5ADFDE2701F}",1012,1877
0,0,0,0,0,0,"{91811F80-FAA5-A24E-BB767DA064421013}",1012,1878
-1,0,0,0,0,0,"{7D7CC1F6-244B-474A-87F0AB25922BC5DB}",1012,1879
0,0,-1,0,0,0,"{0D5E3C8B-9CE6-BE4B-8795B1E70C4438F4}",1012,1880
0,0,0,0,0,0,"{7234AD3A-44B6-3149-8A56C145822BD879}",1012,1881
0,0,0,0,0,0,"{87458569-9BCB-E548-9F744F3722A9DB9E}",1012,1882
0,0,0,0,0,0,"{49FD0E5D-7F6B-DB41-9663836BD2E25AFF}",1012,1883
0,0,0,0,0,0,"{BF5B11C4-8AD5-5A47-A635A5D43F2DE5A4}",1012,1885
0,0,0,0,0,0,"{1FAAC7D6-82CD-8E4B-BA4A1A0237254EED}",1012,1886
0,0,0,0,0,0,"{CEAD77EF-7623-5545-BC76AC2B8A6855DA}",1012,1887
0,0,0,0,0,0,"{72533C69-C32C-534C-800A14C19D359225}",1012,1888
0,0,0,0,0,0,"{A2F3B518-95A8-5B4C-B029FAB64E92D210}",1012,1889
0,0,0,0,0,0,"{AA65F427-85B5-7E4E-93CDBA7C7C8DE136}",1012,1890
0,0,0,0,0,0,"{D768218B-A98A-F949-93B9E273498B8BDA}",1012,1891
0,0,0,0,0,0,"{C42C4EAA-04C1-3B4A-9A10A4450A24239D}",1012,1892
-1,0,0,0,0,0,"{A011559D-83CF-F444-82926096D57AE361}",1012,1893
0,0,0,0,0,0,"{9E574039-7715-5A44-B3EE8477498D3BE9}",1012,1894
0,0,0,0,0,0,"{1F598FBA-DE64-ED48-BAADBEA5FC72461F}",1012,1895
-1,0,0,0,0,0,"{3960095D-5B4A-1E4E-8F02780D316D1694}",1012,1896
0,0,0,0,0,0,"{3F7AE42D-7279-8D47-B0D09E505FC489A7}",1012,1897
0,0,0,0,0,0,"{58524FFA-FE9B-1A41-8949675E653036BF}",1012,1899
0,0,-1,0,0,0,"{C18166B0-CC8C-3F48-B6AA3B385ACFA54D}",1012,1900
0,0,0,0,0,0,"{F107D369-3900-8E41-A33504A694B3A2F0}",1012,1901
0,0,0,0,0,0,"{4386C83E-6263-DE42-9854DF467290257A}",1012,1902
0,0,0,0,0,0,"{42A4D174-F292-4F45-8A63C816A30970D6}",1012,1903
0,0,0,0,0,0,"{3DB68642-B7A6-B845-9F7B75A163915E3A}",1012,1904
0,0,0,0,0,0,"{C5EBE789-023B-174C-85638BA747408ED2}",1012,1906
0,0,0,0,0,0,"{AFEDF7E9-8302-7A43-99084C60FD34E30F}",1012,1907
0,0,0,0,0,0,"{9E93E2F8-6B08-874C-80614044D5C38E55}",1012,1908
0,0,0,0,0,0,"{495E866A-B6EE-3D4B-B446AEB0EF206C57}",1012,1910
0,0,0,0,0,0,"{352B52FC-BB58-3049-B944064E828F0833}",1012,1911
0,0,0,0,0,0,"{85FB89B0-CC3A-9849-A08AC9E6DF157328}",1012,1912
0,0,0,0,0,0,"{B0EED1AA-6AC5-8544-9C4939123AE50D7B}",1012,1913
0,0,0,0,0,0,"{08E9B9A0-E9AD-3040-A2E6AA2EAA2C49D3}",1012,1914
0,0,0,0,0,0,"{98F289AE-D81E-EC4D-8669BE43B2C13F51}",1012,1915
0,0,0,0,0,0,"{D43259DD-5AFE-E148-93A91F7D58E18746}",1012,1916
0,0,0,0,0,0,"{AEDC79FA-A0A2-2D44-AFAF97A2FCE1A9B5}",1012,1917
0,0,0,0,0,0,"{314FB723-C939-214A-8D4369C8A11DB9D9}",1012,1918
0,0,0,0,0,0,"{D65C492B-DE9C-2B4E-A97C8DAFBFEBDA09}",1012,1919
0,0,0,0,0,0,"{475CBA9D-06BE-8347-9E1AA6C65F74BEB3}",1012,1920
0,0,0,0,0,0,"{A47CEAC8-79D7-F845-A3435B10C9AF8A82}",1012,1921
0,0,0,0,0,0,"{00EF5A00-D42C-6D46-908F57DDB97A4B12}",1012,1922
0,0,0,0,0,0,"{A33BE865-892E-324A-A63133E06EE3A11F}",1012,1923
0,0,0,0,0,0,"{57CB30CB-D9E3-9845-B5C894B14506AE27}",1012,1924
0,0,0,-1,0,0,"{2D19B4AC-68AD-D149-B2215EDACEE5397F}",1012,1925
0,0,0,0,0,0,"{ABAF298F-5227-894F-ABCBB0439844EE4A}",1012,1926
0,0,0,0,0,0,"{1C95960F-4CB0-4540-87B676258EC22FCE}",1012,1927
0,0,0,0,0,0,"{50EB9EFC-0407-2147-9700191B7721DC1C}",1012,1928
0,0,-1,0,0,0,"{694808C3-5B14-2745-B78024A268B4A73E}",1012,1929
0,0,0,0,0,0,"{74F95944-58CD-944E-A9A67B18D25DC069}",1012,1930
0,0,0,0,0,0,"{AB32076D-1E17-684D-979DE0764C8E8428}",1012,1931
0,0,0,0,0,0,"{1F4AE273-2519-9948-8707545D27C30A98}",1012,1932
0,0,0,0,0,0,"{91E93C12-804C-9C42-ACDFC1550E094B4E}",1012,1933
0,0,0,0,0,0,"{41FFECB7-A521-B046-BF671535F56D804B}",1012,1935
0,0,0,0,0,0,"{528D8C86-D77E-9445-89D0BF47E3F178A2}",1012,1936
-1,0,0,0,0,0,"{04AA4255-A864-7E42-95B6AE18DD6EF764}",1012,1937
0,0,0,0,0,0,"{79F68DC5-2ED2-4648-8AF9BE48D8C7E2C4}",1012,1938
0,0,0,0,0,0,"{E73D15CA-42C3-024A-9F3C5A4FD734F76E}",1012,1939
0,0,0,0,0,0,"{42BF3E95-CCCA-C149-9A802807BED253B8}",1012,1940
0,0,0,0,0,0,"{8BAE3583-1D9C-7E41-B5A7D6E1A64C0796}",1012,1941
0,0,0,0,0,0,"{328B47A7-B352-864E-A30662CF5423B57C}",1012,1943
0,0,0,0,0,0,"{C9DE74A0-F18F-F942-84DAB88D90A621C1}",1012,1944
0,0,0,0,0,0,"{F2490F11-FA7C-D34F-8E0B048C753142C1}",1012,1945
0,0,0,0,0,0,"{EFC0D0F8-E298-E649-A9B4F707DDF2F200}",1012,1946
0,0,0,0,0,0,"{2FB0A9A5-5E2D-2544-BF8164C9DB41D2BF}",1012,1948
0,0,0,0,0,0,"{AF37BD80-38A2-8044-896AE7A1D1F13D5E}",1012,1949
-1,0,0,0,0,0,"{B2561602-3781-7A46-924C494389408613}",1012,1950
0,0,0,0,0,0,"{B3132D92-393D-F24C-8E5E35CF659E18A0}",1012,1951
0,0,0,0,0,0,"{A9617A54-35C7-B547-AB75DD80822B6E7B}",1012,1952
0,0,0,0,0,0,"{9E8F79C9-C555-C04A-9D7D5CE296D4BF79}",1012,1953
0,0,0,0,0,0,"{0C9B1ED2-A992-8446-BDE5C26D323C6815}",1012,1954
0,0,0,0,0,0,"{DCD33990-A32D-284F-803D768C43BF1011}",1012,1955
0,0,0,0,0,0,"{8D33844F-394E-4741-978AA90B0F4BB018}",1012,1956
0,0,0,0,0,0,"{62806A8B-62C2-CB47-99CC1C2B5089AEE7}",1012,1957
-1,0,0,0,0,0,"{C10648C9-BF33-2F49-BC43B2BBD6B9CF66}",1012,1959
0,0,0,0,0,0,"{228DF18E-B950-AD4B-846D0E5DA2A2DCEA}",1012,1960
0,0,0,0,0,0,"{750B7470-2F83-7D4E-814FF2F008EC3BD2}",1012,1961
0,0,0,0,0,0,"{99FE9DBA-4B22-B340-90D1DBAAF16B84EE}",1012,1962
0,0,0,0,0,0,"{52DB171F-AC80-A948-A1F6262F3102861B}",1012,1963
0,0,0,0,0,0,"{59972E04-2CB3-8D42-83CB0955DA7D9234}",1012,1964
-1,0,0,0,0,0,"{ED089EB4-0567-204B-A959933C22F7946D}",1012,1965
0,0,0,0,0,0,"{35CDD740-3A75-194A-A25701A9A951ECDA}",1012,1967
0,0,0,0,0,0,"{83B8AB08-64B4-954B-8722FE81E55D7FF9}",1012,1968
0,0,0,0,0,0,"{4883B716-4839-8F44-9C933BBC4F6089B6}",1012,1969
0,0,0,0,0,0,"{DDF86BFA-8345-744E-A31AAEB723434376}",1012,1971
0,0,0,0,0,0,"{3D00005E-3B05-9F4C-9070EFA2F6D50A59}",1012,1972
0,0,0,0,0,0,"{C4034C71-3F05-884B-A22C16573F6A88F2}",1012,1974
0,0,0,0,0,0,"{AC0B7C80-D20F-474E-A4E1C6C74ABE5A84}",1012,1975
0,0,0,-1,0,0,"{435A0681-96DB-D34E-963F0498663A3DE5}",1012,1976
0,0,0,0,0,0,"{C19F1B08-F519-9344-A0DBB06FEFACFE50}",1012,1977
0,0,0,0,0,0,"{2122AC68-0561-464B-BFE922226A890931}",1012,1978
0,0,0,0,0,0,"{322DFAAE-3493-B649-A895904501C6CC91}",1012,1979
0,0,0,-1,0,0,"{2B0D05D2-0637-C144-BEFF9CAC66780C51}",1012,1980
0,0,0,0,0,0,"{232A7D1A-1A53-8C49-80B0B6271B80DA26}",1012,1981
0,0,0,0,0,0,"{69F375D3-4173-FA43-A50E5BE0AE5D95ED}",1012,1986
0,0,0,0,0,0,"{C528A640-FCF8-9641-A839094BA7D3A45B}",1012,1987
0,0,0,0,0,0,"{83A3A162-50F3-2942-A095F9C7CCFED252}",1012,1988
0,0,-1,0,0,0,"{D82CA2E3-901A-864A-876B7FE411624EFB}",1012,1989
0,0,-1,0,0,0,"{E5A7DDFF-4AC3-8F4E-B6932E36F3CE7463}",1012,1990
0,0,0,0,0,0,"{4C0B50D1-3014-BB40-974423921086C112}",1012,1991
-1,0,0,0,0,0,"{5094989C-A86C-9C47-86CA4B745C7EFF0A}",1012,1997
0,0,0,0,0,0,"{398810B3-97AF-3847-90EE37E6AD040C0B}",1012,1998
0,0,0,0,0,0,"{F2DBD9D9-329F-8641-AF52DD094DD019E5}",1012,1999
-1,0,0,0,0,0,"{C12E6F28-8650-9B41-AEAC3988C3A907AC}",1012,2000
0,0,0,0,0,0,"{8F9845F5-D5A9-784C-B3EFF33959F22F9D}",1012,2002
0,0,0,0,0,0,"{C82F2784-4E00-6147-9D5825C1DD9E2644}",1012,2003
0,0,0,0,0,0,"{8913B8F3-9310-864C-ADFF4ED1C7A674C7}",1012,2004
0,0,0,0,0,0,"{8CF17732-09A7-0A4D-ACE072D4C5475CA7}",1012,2005
-1,0,0,0,0,0,"{F143BE1C-7B9D-AB49-8E8141B27DDDECDF}",1012,2006
0,0,0,0,0,0,"{49DB1DC7-2317-E64B-94EB6827D822C48A}",1012,2007
0,0,0,0,0,0,"{817DEB72-D101-3B40-83C2921C26FEE4B1}",1012,2008
0,0,0,0,0,0,"{70DBA216-7799-9C43-B4929C06938D7910}",1012,2009
-1,0,0,0,0,0,"{3848621F-FAC3-8648-A099A9BC03FE3DD7}",1012,2010
0,0,0,0,0,0,"{2AE6D2AD-DB36-9747-9E7D35AB7C04E330}",1012,2011
0,0,0,0,0,0,"{338E57C4-40C3-6C48-A77D59F649C408ED}",1012,2012
-1,0,0,0,0,0,"{167468C5-80C8-D945-8BF7272AA2DB7BD6}",1012,2013
0,0,0,0,0,0,"{AD763B5D-D4A3-EC44-827AA9717B040E46}",1012,2014
-1,0,0,0,0,0,"{390DBE85-ABF4-294D-ABB549D114A2B89A}",1012,2015
-1,0,0,0,0,0,"{15369A53-F51F-A444-98079D8EBA0BFF46}",1012,2016
0,0,0,0,0,0,"{01F7C3C9-1A9F-3042-AB3AD33BD3FC5229}",1012,2017
-1,0,0,0,0,0,"{1CB315FD-3F23-E94E-834099A54367AF15}",1012,2018
0,0,0,0,0,0,"{7209500F-365D-8E4F-8519F5DE09D9F5AD}",1012,2019
0,0,0,0,0,0,"{01026F31-E4D1-4D41-A7116F2C241E9525}",1012,2020
0,0,0,0,0,0,"{FBB2676B-54A1-C848-8820113470C670D6}",1012,2021
0,0,0,0,0,0,"{3CE4A8A7-5CEA-3E49-B85C0872D0579512}",1012,2022
-1,0,0,0,0,0,"{39E1E1B6-F145-E342-B37B4B46966E1E11}",1012,2023
0,0,0,0,0,0,"{AEBE73B8-4548-484A-BEAABB179FC14B8B}",1012,2024
0,0,0,0,0,0,"{EAED5D6A-DD8E-F842-84D03CB5561A44EA}",1012,2025
-1,0,0,0,0,0,"{ADD81555-9922-4F4A-BE3CC0C3286FD8B6}",1012,2026
0,0,0,0,0,0,"{72E79D26-96C7-4743-903987A82543959F}",1012,2027
0,0,0,0,0,0,"{073CE9A4-86EE-B240-91D19045CA1B75DB}",1012,2028
0,0,0,0,0,0,"{35D10C12-3B39-944C-B9B0A6B11A44E07B}",1012,2029
0,0,0,0,0,0,"{6646B5B2-E826-CD43-B1E6B3E2DE4A588D}",1012,2030
-1,0,0,0,0,0,"{444944A8-E150-AD4F-8A0B52329711CA0D}",1012,2031
0,0,0,0,0,0,"{DE64D92E-69E2-FE46-B103C7A0C5F51408}",1012,2032
0,0,0,0,0,0,"{F42640FD-16B0-0540-8A35381207B77084}",1012,2033
0,0,0,0,0,0,"{FBC396FB-224C-D542-A4590D6DF9874A1E}",1012,2034
0,0,0,0,0,0,"{0ED7085F-89F5-474E-A2C034464ED28A3C}",1012,2035
0,0,0,0,0,0,"{90C8EF6C-0419-4941-A06403848DD1BC19}",1012,2036
0,0,0,0,0,0,"{94D89EA6-53F8-1E49-BEE644C213D3B455}",1012,2037
0,0,0,-1,0,0,"{2F5A310F-A529-524A-82720A995D47C238}",1012,2039
0,0,0,-1,0,0,"{3CF01E1F-FC7D-F048-BAD8E6D91317F059}",1012,2040
0,0,0,0,0,0,"{6B36C7B6-D4E3-9D48-9E4204532B230D92}",1012,2041
0,0,0,0,0,0,"{D46CE38B-3F7B-AA42-8B15863EE94CDC07}",1012,2042
-1,0,0,0,0,0,"{AEB19BD4-6F87-D34E-B53A8B7F75896674}",1012,2043
0,0,0,-1,0,0,"{4EF23F6D-1ED4-6949-994DCFD2627F91FD}",1012,2044
0,0,0,0,0,0,"{16884F97-07FC-5E41-9B1B771E27D5BFFC}",1012,2045
-1,0,0,0,0,0,"{ACBDE128-7535-124B-A4F0559B8C6EE2A4}",1012,2046
0,0,0,-1,0,0,"{4474080A-25AB-C442-AA7D77A3DE8AE6B4}",1012,2047
0,0,0,0,0,0,"{9B431FC3-D4E1-1446-9E8CD8AFD33EBC92}",1012,2048
0,0,0,0,0,0,"{8F6AC638-749F-0447-855CA9FD8C9788C2}",1012,2049
0,0,0,0,0,0,"{D8EC14A7-8FE2-384A-A08BBF47B4185293}",1012,2050
0,0,0,0,0,0,"{445B825F-B300-3547-B741CB0C8CE45725}",1012,2051
0,0,0,0,0,0,"{DE57A37A-8F21-994A-B4FDC56EA6606F6C}",1012,2052
0,0,0,0,0,0,"{9F2CA11E-54FC-8843-81CF1E57043BCBD3}",1012,2053
-1,0,0,0,0,0,"{1524F6E6-35FF-B947-A24CC40412902AB2}",1012,2054
-1,0,0,0,0,0,"{93782785-ADD8-6748-915D1F7997B51FF3}",1012,2055
0,0,0,-1,0,0,"{525B6644-CF83-A243-9BB143C3F42AB3E6}",1012,2056
-1,0,0,0,0,0,"{D99CB6EE-07E1-CD49-84C01339BDCBC1D5}",1012,2057
0,0,0,0,0,0,"{643022DB-22E9-0F49-9F133699759AE670}",1012,2058
-1,0,0,0,0,0,"{4F695991-F294-CE46-AED39DFAB719EBD4}",1012,2059
0,0,-1,0,0,0,"{0E724985-B71C-BF4E-A27A76FD2CB0ECD4}",1012,2062
0,0,-1,0,0,0,"{71F499EF-88E2-A74D-AF21AB6AB4027371}",1012,2069
0,0,-1,0,0,0,"{ABD167F8-F574-2A41-B08C9B310C2DF9C0}",1012,2070
0,0,-1,0,0,0,"{C7092D2E-E1BA-944B-A9DFE57E4D5FE081}",1012,2071
0,0,-1,0,0,0,"{F0F0CCDF-C671-0247-B9A28A221A091141}",1012,2075
0,0,0,0,0,0,"{10D401C3-315E-2E43-8D2FBBA7C19922DB}",1012,2081
0,0,0,0,0,0,"{6CD26DD3-646B-304C-8AFC62D8BCD786CF}",1012,2083
0,0,-1,0,0,0,"{8242247C-883E-2143-9D95CA8E45F4AD92}",1012,2094
0,0,-1,0,0,0,"{8FA42355-D073-CB46-8B6FA95366AA00FC}",1012,2095
0,0,-1,0,0,0,"{5F7B4B59-872F-AF4B-B0271D9120AC5E79}",1012,2097
0,0,-1,0,0,0,"{366F0762-25B1-3A45-812D0C73F1139F6D}",1012,2098
0,0,-1,0,0,0,"{6524662A-F350-6042-9246DF412B1D019E}",1012,2099
0,0,-1,0,0,0,"{61AE70A5-0770-D045-8BE48367E0D0C1AC}",1012,2100
0,0,-1,0,0,0,"{81C39E01-21B5-2843-BE890357C13CEB79}",1012,2107
0,0,-1,0,0,0,"{5B79687F-1D6A-084E-92BA6A5B0C501D6C}",1012,2108
0,0,-1,0,0,0,"{080E10CB-C1C0-A344-A708F5C1896C9389}",1012,2109
0,0,-1,0,0,0,"{61AA9479-AAD0-DD4F-B2F28BD8FE72AB82}",1012,2110
0,0,-1,0,0,0,"{0BB24AB1-58E2-3141-B2BF8A9DDB471921}",1012,2111
0,0,-1,0,0,0,"{C41B3077-9F50-B94E-B308F160DB71D5E2}",1012,2112
0,0,-1,0,0,0,"{86C3B46C-F49F-6545-9973CC06AA732263}",1012,2115
0,0,-1,0,0,0,"{812A23AD-E8DF-7B49-822B6CD10577D743}",1012,2116
0,0,0,0,0,0,"{DD120F26-2ED5-4D46-BC2CDB0DC94842B0}",1012,2117
0,0,0,-1,0,0,"{DC35C9F8-76A7-2B46-A3CB0299F4E33184}",1012,2119
-1,0,0,0,0,0,"{E554265B-65F9-A44B-ABD3DB2E1299DB3D}",1012,2120
0,0,0,-1,0,0,"{7DD213A3-7536-144C-B5B2A6156CA21F39}",1012,2121
0,0,0,-1,0,0,"{AF7C0CC2-EB47-3A4A-A237E3F34CDE7D57}",1012,2122
0,0,0,-1,0,0,"{0BDD9DB7-ABE7-8B48-94DE1A59A8CE1A5A}",1012,2124
0,0,0,-1,0,0,"{E20792DF-24A3-DF4E-B48D128A3F681164}",1012,2125
0,0,0,-1,0,0,"{C99E97B4-1162-5244-A33E72218C214900}",1012,2126
-1,0,0,0,0,0,"{5E0C24D8-CDB5-034A-84AC88CAF044787A}",1012,2127
0,0,0,0,0,0,"{056572A6-A0FD-4A45-A1699E1734384123}",1012,2129
0,0,0,-1,0,0,"{715D6901-DE56-554B-8FF4ABD067827DC0}",1012,2131
0,0,0,-1,0,0,"{682C4F81-F42D-BF44-95D8B7B3CB9DCA26}",1012,2132
0,0,0,-1,0,0,"{B12C8844-4FC2-C045-94048D3DF88E87F2}",1012,2134
-1,0,0,0,0,0,"{B664834D-7014-4941-A822C67B1F6E84ED}",1012,2135
-1,0,0,0,0,0,"{6DC6B5A2-811B-984F-89516D554D05B6FF}",1012,2136
0,0,0,0,0,0,"{1F852FE4-0540-6040-949591D10E47882B}",1012,2137
0,0,-1,-1,0,0,"{81957DA1-E418-B24F-985CC70141F3F6EA}",1012,2139
0,0,0,0,0,0,"{58042981-58D3-F64C-A0D58A739D502B5F}",1012,2142
0,0,0,0,0,0,"{6E174A83-A755-D148-BA25719EB1EFECC4}",1012,2143
0,0,0,0,0,0,"{66F3217E-EB1E-7E4F-A0F10C8A6425CA56}",1012,2145
0,0,0,-1,0,0,"{431279AE-C54E-FA48-829D6D24381DCB06}",1012,2146
0,0,0,0,0,0,"{54E33AA7-7A7A-BF4A-8ADFE6928C9D2D8E}",1012,2148
0,0,0,0,0,0,"{E89C9710-FB12-0245-9B1F98796725C92D}",1012,2149
0,0,0,0,0,0,"{D21E0AC7-5EAD-D14C-B10463528036BE50}",1012,2150
0,0,0,0,0,0,"{08D36814-545D-8640-96E2CD0EEA1C7899}",1012,2151
0,0,0,0,0,0,"{10F9FB48-3A9A-214D-B55A45B29DAC06BD}",1012,2152
0,0,0,0,0,0,"{7BFADC3D-4556-DC48-BDDCC55B04B5DACF}",1012,2153
0,0,0,0,0,0,"{BD9B177D-71F2-3546-A243F44212C9D893}",1012,2154
0,0,0,0,0,0,"{5A85114B-9BF8-0C4E-96441AF023D6566D}",1012,2155
0,0,0,0,0,0,"{12790DF6-90D5-0A45-A805E18E5ACC739E}",1012,2156
0,0,0,0,0,0,"{6D13276E-F806-C34B-818A0C7D8B3D5253}",1012,2158
0,0,0,0,0,0,"{9452A96E-BF0E-014A-B00FA067FA7C1368}",1012,2159
0,0,0,0,0,0,"{0B62953C-0D81-5649-A983B69F89295BC8}",1012,2160
0,0,0,0,0,0,"{E4A89643-A33B-C74E-A45D8E2454A7FF2A}",1012,2161
-1,0,0,0,0,0,"{40EFD7E5-EC67-824C-8299DCB8A22A0D5F}",1012,2162
0,0,0,-1,0,0,"{EA88D177-A34E-D642-A1DC5591F74E3541}",1012,2163
0,0,0,0,0,0,"{7B02EF28-C4E2-C34D-9809C820939FB7B4}",1012,2164
0,0,0,0,0,0,"{664E2DE8-73CD-7B42-98BB73E575CBFFE4}",1012,2165
0,0,0,0,0,0,"{F8F973B6-45B6-3B4E-85F93A239D603B92}",1012,2171
0,0,0,0,0,0,"{5520275E-5AB9-E047-ACC922CE0E1120FA}",1012,2178
0,0,0,0,0,0,"{A3881292-63A4-9B42-B8143C139F9599B2}",1012,2182
-1,0,0,0,0,0,"{C873CD88-B013-B047-ABE4B107C6C77089}",1012,2205
