TableGroupID,TableID,Order,StartReleaseID,EndReleaseID,RowGUID
820,364,2,1,,"{408947E8-87FA-4453-96F6418D849626BB}"
820,365,2,1,,"{8A56D064-895B-4F46-91470D51D168881E}"
820,366,3,1,,"{72BA090B-EA6C-4A7C-846A13D55DD56EA5}"
820,367,3,1,,"{81B9382E-A902-4AE3-B0896879AC0467C7}"
820,368,4,1,,"{E3C545BF-B7E1-4D73-A408917D5A407C09}"
820,369,4,1,,"{5CDBD0AC-2D41-468F-BB32E607D331DE6F}"
820,370,5,1,,"{2E09CEC1-9037-4A19-84E93F6247E15677}"
820,371,5,1,,"{D9294586-8EF6-4A98-ADA09D760FB3357F}"
820,372,6,1,,"{3C9B6AF1-DA25-4A54-8C69F114CB26CFFB}"
820,373,6,1,,"{BDE02CC9-C59B-41D9-B37974526C021FD8}"
820,429,1,1,,"{9176DF01-8F16-4685-919F64ECC9BFCA4B}"
820,430,1,1,,"{EC2A89C0-F65C-4912-91C183BE87592745}"
820,431,1,1,,"{4AAAFABC-158B-4A85-AD87F051C64E69E2}"
820,432,1,1,,"{9484F039-D71D-4125-A92149F442E93642}"
820,438,1,1,,"{45551F80-CD42-4873-AB072953E614FDDD}"
820,440,1,1,,"{B1E11730-F5DD-4BD0-88736906B7265321}"
821,644,1,1,,"{D17FAE46-DD9D-4A19-9CB63BBF191A9D1F}"
821,645,2,1,,"{F5C52B35-091A-48D3-A92A8C4CD2DCCBC4}"
821,646,3,1,,"{9057BD08-6547-4714-B905BCABE9774454}"
822,74,1,1,,"{22E15346-DBF2-43FC-90A687F3E2309A39}"
822,75,2,1,,"{293B5DF1-29CA-44FB-BEA0AC7CA5D8C0B4}"
822,76,3,1,,"{CBC73966-9197-4AEC-A712D50F021ED4F3}"
822,77,4,1,,"{B317FE7B-332A-4527-B96BAB428DD57C19}"
822,78,5,1,,"{B61FCBD3-000A-421B-A67790D8F2BD0E2D}"
822,79,6,1,,"{59EDF93F-F2E0-4FB9-8B74351D0735693B}"
822,1831,,3,,"{8D319652-6B07-E14A-964D8CED2E7AA789}"
823,304,1,1,,"{D4E2CEAF-6B95-4183-AD52C3CF4A93E054}"
824,659,1,1,,"{DD10A40C-5BA0-41EC-AF2EF3DC30055021}"
824,660,1,1,,"{6F88478E-1078-4A3D-B81854E0CCADFD19}"
824,661,2,1,,"{D114D5F2-F5BD-4FBF-9FCAD2D4FE663305}"
824,662,3,1,,"{ED44DD54-E67D-4330-B9D7CB1BD5E63A4C}"
824,663,4,1,,"{F226E91A-1571-4438-8AF6911E0283D1F4}"
824,664,5,1,,"{B437ED4A-B6FB-48FF-8EF88C55F846D31B}"
824,665,6,1,,"{0A04D0B1-6925-4B1D-B540E537DA84D27F}"
824,666,7,1,,"{06753A30-75BA-4CB5-BED1E19F8C70A9E9}"
824,667,8,1,,"{4AB782F8-6B93-4CA3-8D057EE71292FCCC}"
824,668,8,1,,"{7C380253-4B4C-434D-ADC47B31C2305048}"
824,669,9,1,,"{4077EB7A-3896-468B-BEA846228E66DE80}"
824,670,10,1,,"{90D37D99-6E5A-4D69-884F369DD185E0FB}"
824,671,11,1,,"{16C79478-39BD-4AA7-81A7BE0746574CA0}"
824,1836,,3,,"{C72CDE5A-8B81-7B4B-B786FC9F206882DF}"
824,2129,,5,,"{A1503138-CCCC-0746-A0C72D7507262DE4}"
825,81,1,1,,"{835D7479-200F-42EE-AC0F75896C691110}"
825,82,1,1,,"{D88A60A5-2E64-4BF0-A25DFF976E326707}"
825,83,1,1,,"{A695C4F8-8136-476F-8D0C327B7F0439B2}"
825,84,1,1,,"{602A2C16-049E-49FC-8282215AD2E0C12D}"
825,85,2,1,,"{2F9F3F0B-FFA8-4088-BC3FE38F7F400072}"
825,86,2,1,,"{350C9AA1-3867-45F3-A8E74581C5AC5D91}"
825,87,3,1,,"{24517496-9C38-4AD8-85C8573D705E53DF}"
825,88,10,1,,"{692227E4-92C1-4F4F-90B0F5F1CEC40399}"
825,89,10,1,,"{8248D684-2ECA-477C-88C7DAAF1140BFC9}"
825,90,11,1,,"{1834D3F3-429B-4D1A-ADD9C3EC8F994BE4}"
825,92,13,1,,"{3C729E37-6CDB-4FBB-8F4C14CDA9BB435A}"
825,93,14,1,,"{1434246C-AC3C-4368-BE77E2F31C7BEA99}"
825,94,15,1,,"{8D450CA8-3B5F-41CC-BB9DCFB19A68E1B3}"
825,97,17,1,,"{65F71D32-C9CB-439A-BB6064988836E0DD}"
825,98,19,1,,"{5A9433F3-EF5F-43E8-8521B71E3A848668}"
825,402,12,1,,"{CD3D8E70-0D4D-4BD9-9FFD86FEAF4025C5}"
825,481,18,1,,"{66C4BDEF-DA3E-4FF2-95E01B0EBFDDBC2A}"
825,484,16,1,,"{5F4B0EBF-1873-46ED-871BA6BD748E4866}"
825,649,4,1,,"{B946D988-3181-43FA-9478F7B8FE21B793}"
825,650,5,1,,"{175F944B-14EC-4CD2-A2E2961439A04F16}"
825,651,6,1,,"{E8DCFE1F-A638-48CF-A3FA834F8E880DD2}"
825,652,7,1,,"{C480DD9F-544E-46FF-A102C86FC64B55C4}"
825,653,8,1,,"{B0386F47-D2B5-4325-B9A326A49F8518D9}"
825,654,9,1,,"{E93B66E2-4771-433C-9FB1669055465C71}"
825,692,7,1,,"{3140A0A4-76BC-456D-8ED6C1F49F19D595}"
825,1808,,3,,"{26809B0E-0540-9F4E-BE486D53182509A3}"
825,1832,,3,,"{97557DAD-E972-454B-B37BB244EA64108B}"
825,1833,,3,,"{22B3ECF9-729F-A94F-B2CEDF73094ACE13}"
825,1834,,3,,"{D5D0E5C3-9674-EF4D-A3A697777B93546D}"
825,1835,,3,,"{6C7632C7-ABFC-D74E-ACC9DE56D84B9B88}"
825,1839,,3,,"{D48AD2E3-E6A1-4248-9DCCDD196FB1E832}"
825,1843,,3,,"{06FDE886-AA9F-9446-8A336D72CE3E5EDD}"
825,1844,,3,,"{4B410A60-2A53-4445-8BCA3B83F015D326}"
825,1845,,3,,"{C269F6D7-E4FE-5347-A6603322EC4ECA05}"
825,1846,,3,,"{955AEF7D-7468-BC45-8A4ED785611BE474}"
826,647,1,1,2,"{C567887B-97A6-459A-B9FF2AD46F417D11}"
826,648,2,1,2,"{AEAC9723-CCD1-4A40-9435FF0043E4A358}"
827,389,1,1,,"{E335A792-148A-47FB-919FEB3EE4C8691A}"
827,390,2,1,,"{2A64B88E-1EEC-4E06-BFD43E440CEA649E}"
828,111,1,1,,"{EEDA6ABA-AB70-441C-92160DB96E5223A0}"
828,112,2,1,,"{3856E5D2-663E-413C-880DBBAB8E953DCD}"
828,113,3,1,,"{86593D2D-35D2-408E-83348131CD29EDA1}"
828,180,4,1,,"{508490C3-0CED-4AEB-B4ED73737A15A3D8}"
829,120,3,1,,"{AF09DF1F-5147-42B1-BBF3A0AE4F3E44A7}"
829,306,2,1,,"{AC93C254-0D16-46DC-85EBAC51CC759211}"
829,307,2,1,,"{A3857598-BF3E-4DC2-A8D60AA882252B0D}"
829,308,2,1,,"{7F9A05A7-B6B8-4873-9CCE25B60F878B52}"
829,391,4,1,,"{309200A7-0F9F-433C-BE55D9FF8A33AEDE}"
829,655,1,1,,"{595F40B7-DFCE-48FB-A6A06F5F48E9F8E0}"
829,656,1,1,,"{10E94993-9CD0-48F4-A42B7D6F8565D69A}"
829,657,5,1,,"{2EA923A3-FA2A-40B7-924182EE8869D5F7}"
829,658,6,1,,"{4369422C-9945-42B5-A564282E38EBEA3A}"
830,392,1,1,,"{B18A7FC5-BD35-48B0-BE1DDC262062E143}"
830,393,1,1,,"{892FAA10-974C-4F27-A540F0CB63A5ECA6}"
830,394,2,1,,"{EEABFEF4-2688-4A0D-AB311696F904B320}"
830,395,2,1,,"{DA9B58E2-2246-4E81-A72A72872EF5AC53}"
830,396,3,1,,"{91D38CBC-F979-4A2C-8EAB0F526545046D}"
830,397,3,1,,"{669D4D7F-7417-4FAE-94F39EE8C6561A64}"
830,400,5,1,,"{4109F21B-F9D1-4049-AA5B53184B0C4003}"
830,401,5,1,,"{9CE19698-1379-47ED-AAB2BCA77ADDFB6F}"
830,485,4,1,,"{59B499BF-DADB-4BCF-8EB8DF283AE17287}"
830,486,4,1,,"{4E173315-1905-4486-87CB5505D7508FCC}"
830,487,6,1,,"{C6F4534C-7DC2-4B35-B8C50779B63914F8}"
830,2145,,5,,"{4A999CA4-94C6-AF4B-978758E738854E84}"
830,2146,,5,,"{368085AF-3E63-DB43-922DEC5BA27085DA}"
831,103,1,1,,"{DD38388E-F83B-4284-98CE8A1C7F6BD999}"
831,104,2,1,,"{4166CE95-E432-4784-937AF087A31C7E35}"
831,105,3,1,,"{BEFEF604-D3C7-4CCD-AEE14192989D2E66}"
831,106,4,1,,"{FF011F2A-5407-441B-A3CCEE2485677BE6}"
831,107,5,1,,"{52B8B1F3-F194-4779-A81E11C7B8221D3E}"
831,108,6,1,,"{E9B5B5DA-CF0A-4564-91954C7CA69734DD}"
831,109,7,1,,"{F4513DC5-CEE7-4E41-87797083B602A84D}"
831,110,8,1,3,"{172DAA21-25B7-45AE-8F0403CAE9309B31}"
831,1818,,3,,"{4A424B2A-609C-9542-B7EA9078AABFBAB2}"
831,1821,,3,,"{84A23226-A960-BB49-B6CF49D32B9B5066}"
832,672,1,1,,"{759872E3-147F-417D-80C82C814B4919D7}"
832,673,2,1,,"{7395E57D-A9B5-4163-B3D0EA67B4380953}"
832,674,3,1,,"{AEA39D7E-2E64-4835-B6A41374B9C12A17}"
832,675,4,1,,"{2544D4D8-9200-47CF-AF2BAAB7CC005C44}"
832,676,5,1,,"{11A5DF25-7CE7-4259-B1F63621C72D44E1}"
832,678,1,1,,"{D8D8376B-3541-477E-B9565EA4908D6D55}"
832,679,1,1,,"{0625B067-6078-4910-99C92D3E383FDEED}"
832,681,1,1,,"{4B3EFC96-766F-478C-80E0890519D43A85}"
832,682,2,1,,"{BCDE2491-4AED-4B03-AD9E1A72E3A322C1}"
832,683,2,1,,"{09538004-581B-48A8-A3A509969BEFAD1E}"
832,684,2,1,,"{E3CF87DC-2015-4B5C-B7BABE03933CB769}"
832,686,3,1,,"{A8E00D2E-FE36-4273-BAA37532B70AAAD4}"
832,688,4,1,,"{C51E1FF6-EE85-4F99-8FD1B0336392B246}"
832,689,5,1,,"{E93B6620-DA1B-4FE9-86DF76AFAA4773D3}"
832,690,3,1,,"{2C6699D1-0115-4BEA-AD42E4C7DAAF9892}"
832,691,3,1,,"{8144A8B0-90FD-4A05-8088387ED3E656AB}"
832,693,5,1,,"{1252C8D7-2693-41CE-8BA4F33B0538C1A7}"
832,694,5,1,,"{06BE7F34-8F41-47F3-8C9716FEE2962252}"
832,762,1,1,,"{C8A6A6BE-EF19-4A50-90E090A409C1F973}"
832,763,1,1,,"{C2A68BDC-D482-4B1B-824AF83D50404EDD}"
832,764,2,1,,"{EF637548-2B9E-4B29-B4B2C88DFF535CA7}"
832,765,2,1,,"{CC316BB1-9BEC-4BE8-B529EACB536B6D45}"
832,766,3,1,,"{4DD3E6DF-3E8A-4C65-867F3C6CA209C2BC}"
832,767,3,1,,"{0ECE9F4E-A2DD-4741-8FF609A259C23A81}"
832,770,4,1,,"{700D5070-4E43-4214-AD2721E16248081C}"
832,771,4,1,,"{200C64F6-CEEC-46D3-886F7E29105A2282}"
832,772,4,1,,"{110BFF3F-3730-4851-A7A24BC6BE2498EA}"
832,773,4,1,,"{52F858D6-06D7-480B-9BA7905E326055F0}"
832,774,5,1,,"{F81D48D8-8011-4E63-ACE740E491A1C00C}"
832,775,5,1,,"{07F1E7FF-5FD9-4E5B-B4D264D59AD0905F}"
832,776,5,1,,"{AC607C48-DBAD-4A96-83650D102AE9D5C5}"
832,777,5,1,,"{BCD80D17-8356-4932-8B03CF3E1EB2E459}"
832,778,5,1,,"{999189C8-E905-40F7-8030324D765E7AE5}"
832,779,5,1,,"{06021DB1-86C1-49DF-A32A3188EFC7AC8B}"
833,99,1,1,3,"{329FB38D-43B9-49F3-AF78581D7BCF9CA7}"
833,100,1,1,3,"{9FE2FA81-FC93-41DE-ADC9398C96376E94}"
833,428,3,1,5,"{E170EA7A-C1E7-45A5-9EAC85162E706255}"
833,441,2,1,5,"{A3D851D2-1083-451F-ABC4A5A8ABD9DB93}"
833,442,2,1,5,"{53337F29-34D1-4BC5-9B1DABB737CCC2E3}"
833,1802,,3,5,"{A319AA6E-7BA7-024B-A347EB614D0E2442}"
833,1803,,3,5,"{4FD0E95C-718A-5A45-A24607C6BCE987B5}"
834,445,1,1,,"{5342EA5C-961E-478B-B50A945E5867798E}"
834,446,2,1,,"{A5088953-8F23-4B86-B7583818A57BCF40}"
834,447,3,1,,"{5EFF2C99-5154-4B14-88210264E96C1595}"
834,448,4,1,,"{4172613B-F6C9-403E-AB3F013955C58EDD}"
834,449,2,1,,"{5060B0CD-D620-4F15-926DDB73CDC09261}"
834,450,2,1,,"{662A77D2-1BD1-44E1-BEFC3B07474B2804}"
835,423,1,1,,"{FC31185F-6811-4F43-AB9ED827F4BF481E}"
835,425,1,1,,"{93B1736E-5F95-4595-84DC1CCF9A836EDF}"
837,731,1,1,,"{F78123AE-A6A7-4263-A547000DF39BB038}"
837,732,2,1,,"{DA25EDD4-DBCB-46DF-A7FE5D90794D885E}"
837,733,3,1,,"{D0B40439-FE47-470F-9A32780EA5ACC2A5}"
837,734,4,1,,"{711D6628-9822-43AE-932430C5BF8FC776}"
837,735,5,1,,"{113F8EEB-4C95-43FF-BC73FBAF568C83A9}"
837,736,6,1,,"{CE60E0FF-85B2-4C85-931B1B63DDA49415}"
837,737,7,1,,"{3F22E005-915D-4FC5-A1FB5DADB92187AB}"
838,103,14,1,,"{98AE8C48-AF5D-4A22-B4C122E361D9207F}"
838,104,15,1,,"{F9097BC1-4541-4BC3-B19B812ACA9A3F87}"
838,105,16,1,,"{43BBC5B3-EB4E-4F0F-90299F7C58A4F6B7}"
838,106,17,1,,"{68CC5A3F-45B6-4F35-B6E2D3B881B3B1F2}"
838,107,18,1,,"{3766AF7E-03FA-42F4-8C251A8906E209FA}"
838,108,19,1,,"{82F1CED0-8D42-4391-8429F549796765BF}"
838,109,20,1,,"{A12B913F-86B3-4272-AB61C6DB753205F2}"
838,110,21,1,3,"{E33CB0F1-B7EF-4E6A-A13EAC3E828F596D}"
838,661,22,1,5,"{E9216FE6-99F5-4E3C-916EEFA1128D0CC4}"
838,711,9,1,,"{1166EAE7-A42C-442B-B38C07C98BA133B8}"
838,712,1,1,,"{D5AC5E46-25AA-43D6-BEE15AF718BBFEF2}"
838,713,2,1,,"{F524C5E2-FFE6-407D-A9567DBDA2761BDA}"
838,714,3,1,,"{C13DED5C-18DA-4B08-BD460E24D71B23A2}"
838,715,4,1,,"{1D829979-4F87-4511-A96C62563D6B46FA}"
838,716,5,1,,"{823AA07F-61D9-48F5-AB65897FAB52EEA3}"
838,717,6,1,,"{4C2E4CC4-EE1F-46C5-91B63C3427D4EAA2}"
838,718,7,1,,"{8D542F6A-5671-4793-913431ADDED35779}"
838,719,8,1,,"{9CFCCAE2-CD9B-459F-89D5054C0F93B594}"
838,720,10,1,,"{FBECCD45-0EA8-4D14-954AE58DF345F9D3}"
838,721,11,1,,"{616C8AB3-B450-41B0-849E9DB457830622}"
838,722,12,1,,"{18B8B7D5-7D4F-400F-B08328459B4BD64C}"
838,723,13,1,,"{9535A2B3-330D-43B1-A59E9FBF861D8FF3}"
838,1818,,3,,"{91CC5D7F-9EB7-C940-B1A5DB7EAF4DE1E7}"
838,1821,,3,,"{2667F23F-D422-DF4B-A1AB5AE166B5FE42}"
839,724,1,1,,"{1853F74B-5F1E-4F4F-A9DFB7B273A475E9}"
840,710,3,1,,"{276954D4-D567-4A1C-B587D66686A16376}"
840,741,1,1,,"{69C2608E-C62E-4EED-ACDCAAE2F4800730}"
840,742,2,1,,"{0454DEE2-6FE8-4138-80A465CB103C7B83}"
840,743,4,1,,"{633509BA-2B52-4B64-AF2797C29099880D}"
840,744,5,1,,"{FB4F3BF0-353B-40D4-B9CCA7D827FBA76C}"
841,729,1,1,,"{EF6AFED9-17BA-4571-8A88B80BF3E97074}"
842,725,1,1,,"{599AAE32-E534-486D-B5FC9B018E67AC7C}"
842,726,2,1,,"{936922F8-7D28-4640-B6E45424E5632C36}"
842,727,3,1,,"{12072E25-092B-4E7B-9102C2A30167AB2E}"
842,728,4,1,,"{7CD7DA29-EA3F-4C6B-A12F0456329375D7}"
843,730,1,1,,"{06B14186-5C49-4129-98E028149395096B}"
844,325,1,1,,"{2ADEB09A-AE58-48B3-9EDF2965071226D4}"
845,142,1,1,,"{392A48B2-4155-4471-AA9C7D377629CF25}"
845,143,2,1,,"{DFBA08F8-6F2B-4DC1-93D9D8E6B7D43413}"
845,144,2,1,,"{53B7CEBF-28D8-41E3-9F17BA6D4DA53B4B}"
845,145,3,1,,"{5073C020-273F-4BF7-8A92F30312AAB7B4}"
845,146,3,1,,"{A52D3B3E-4B12-4CCF-A39E3D304A7E77E7}"
845,147,4,1,,"{634DF600-D353-4FD0-8740272638F07842}"
845,148,4,1,,"{B212E8F8-8C42-4275-B507D296A61A2C28}"
845,149,5,1,,"{7CBD201B-0E28-498B-BA7376ED6D4F61CA}"
845,150,5,1,,"{D6A73B1A-68A3-42C7-963FEBC45D8188B6}"
845,151,6,1,,"{242154AF-0A96-4772-888AD0EA477AA04F}"
845,152,6,1,,"{990CFC77-60CB-48EB-8B27B3C7DCBBBD7A}"
845,158,8,1,,"{9E9EE12C-DB24-42AD-AC489F3384B288A1}"
845,159,8,1,,"{629F4A2E-D536-40CB-B5A97B7558F30C1A}"
845,160,8,1,,"{3CD77700-6F42-4750-B4FEC379210AEE90}"
845,161,9,1,,"{E8FA90D7-B7A0-457D-9A152ADF9DBD2D5F}"
845,162,9,1,,"{61646FDD-9B9D-41BB-B070D8161C173502}"
845,163,9,1,,"{41CB1788-F0AB-48DC-9CD40D7EAD6DF9F3}"
845,320,6,1,,"{00E97F31-3C51-4A91-85FBB34084D5FE60}"
845,321,7,1,,"{7D8786EB-A780-4EDF-A09F231578AA148F}"
845,322,7,1,,"{8883A177-D953-4989-AE8A34C19F613497}"
845,323,7,1,,"{44EFC57C-57D4-4594-AA2EA577F58BD9E7}"
845,324,7,1,,"{9C2EC392-8F07-4F57-95DB8BDFA2731210}"
846,695,1,1,,"{153F1F76-D1AA-4CD7-8B4414EB08E8E0E0}"
848,768,1,1,,"{75CF9887-7210-4B8E-8B4EEDD10B185876}"
848,769,2,1,,"{F01AD834-D098-4657-B8FD7BF665B5C208}"
849,738,1,1,,"{0BF10879-A94D-40E3-BE51BF7685602637}"
849,739,2,1,,"{1053DCD4-B79E-4133-A881B384F55B213F}"
849,740,3,1,,"{6A2A7054-8322-4D96-96DBC950BA4D05F2}"
850,305,1,1,,"{40B32EF3-8679-4AE3-8115ED9E7829BF7E}"
851,1,1,1,,"{AA5426C4-BC0E-4DB4-93261F9111E916ED}"
851,2,2,1,,"{B66DECEB-0B8A-4818-84404984D24D6070}"
851,3,3,1,,"{B9437AB4-C39C-4308-B61077957625833E}"
851,4,4,1,,"{93783655-5269-41B5-BA370DA630F95F7F}"
851,5,6,1,,"{7B93DBE7-C76F-43B4-B6DEE865693613E7}"
851,10,15,1,,"{4FE7D190-C5BE-4DD2-9AF78785ECBDB2EF}"
851,11,15,1,,"{F84E28C3-D983-471F-BA5B0C1F884D5D01}"
851,13,16,1,,"{164CD614-4813-490A-AA12B0E76427DC68}"
851,15,18,1,,"{DA697D2A-F7CF-45D5-9B20C6F06BCE3A9E}"
851,16,19,1,,"{61A5FB8C-EEBA-447E-B2DD223353059E8A}"
851,20,37,1,,"{65FAD192-D08E-4582-AB3C421C21CECCA6}"
851,21,37,1,,"{DCD3551B-2698-4730-BA68C7187E8B50BF}"
851,23,29,1,,"{C84C708C-EBC2-4668-A50FCBB716DA26A2}"
851,24,29,1,,"{85A5DEA8-628D-4AE5-8A76564414CC4FDB}"
851,25,28,1,,"{6F2818FA-6C0F-459D-A2EE38B2C82E1551}"
851,38,31,1,,"{7DE76CA8-2751-4F1E-BB6BAE97A862C960}"
851,39,32,1,,"{76B95A40-8D49-4CC1-96A3AD0AED1D07BD}"
851,40,33,1,,"{4FA07919-4121-4238-93F20E1F98A50191}"
851,43,36,1,,"{71C01280-62A6-40CE-A97B6D0743F80A37}"
851,45,5,1,,"{7637D26C-8105-4C63-B62255643B9CD971}"
851,47,25,1,,"{CAB81446-881C-4D47-9D479BC36BEEE3B1}"
851,48,11,1,,"{087D1122-9378-41F4-B08B43BBF782BC90}"
851,64,39,1,,"{2A45173E-6080-47CE-9B651A1DC36D5FCF}"
851,65,40,1,,"{D7174ADC-304B-4A23-BC6F1747A109B2FE}"
851,66,41,1,,"{6F3943EA-7E18-4CA2-91DD7FC3578820D1}"
851,178,20,1,,"{AAFC63CA-41CB-48A2-BA633E9B5CDA9EC0}"
851,215,35,1,,"{AB16870B-77D5-4B1F-846D4FB312AF3A50}"
851,314,42,1,,"{01992911-E7FD-4E8A-AD643F887D39F968}"
851,315,42,1,,"{FAF7BF1A-0102-4C2E-84D6DD7AE69E04A4}"
851,316,42,1,,"{FC5CAC77-B524-4285-A1B45415E8C644EF}"
851,317,45,1,,"{D8AD9C86-E131-4581-BDE55D11446132E4}"
851,318,45,1,,"{079ED277-233A-42DB-BB3D18D50CF697A2}"
851,319,45,1,,"{D4329233-65AE-4252-8C3F18B5EF7EC686}"
851,374,45,1,,"{384C5D38-8E1B-4C66-A25C505519B15FA1}"
851,403,7,1,,"{36A067C7-A2CE-417B-AC67FDCD64C657D9}"
851,404,8,1,,"{FE3FCBFF-997E-441C-9E493DD247301144}"
851,405,9,1,,"{B45F79FD-8BA5-4937-A553AC52C20FF3C8}"
851,406,10,1,,"{D9EBF018-C32B-404D-8DAF0A19BA594034}"
851,407,12,1,,"{F1C18667-F3BD-444C-A4455E04E8143A9C}"
851,408,13,1,,"{1A8374C2-32A5-403F-919B89C4AB08150E}"
851,409,14,1,,"{202E7B5F-43F9-4084-AE12DA3509877F72}"
851,411,17,1,,"{94E62D48-DE13-49C4-B290A09239BE3D3D}"
851,412,21,1,,"{1055B423-2FBD-40CD-A8C7A4A8FA4D320A}"
851,414,22,1,,"{4AA43D41-97CF-437D-8DC70C0C3ED67B28}"
851,416,23,1,,"{588239E5-E63A-40DF-9F1FE9A8B9927FFA}"
851,417,24,1,,"{DB61859B-71C9-4EE0-88C8F0D52B56756B}"
851,418,34,1,,"{704E8B69-E2F8-40EA-ADEA5C53B0BA2DB6}"
851,419,23,1,,"{70C5D150-93E9-49BF-914FB9950D6E212F}"
851,421,30,1,,"{9F340E59-544B-4F86-96CCA890CDC1CC0C}"
851,549,26,1,,"{6936F684-BCA7-4235-B6BD07DCEC34C5C9}"
851,550,26,1,,"{B091C22F-1E43-459A-9C4ECD5C91F38BB0}"
851,551,27,1,,"{5ADA37A4-4352-4F15-AAA28734FA750A3B}"
851,552,38,1,,"{FD5030D3-1E9A-4931-99C611B15F47AC22}"
851,553,42,1,,"{86E6281E-1B70-4C40-8097B0EED17B21E4}"
851,554,42,1,,"{01D049AD-A12A-4964-AC51B8B089DAE9C3}"
851,555,43,1,,"{77DD03FD-7784-4E60-9A7D33985D14DF33}"
851,556,45,1,,"{FE09160D-E0F1-4C96-83B83EAD043B576F}"
851,574,44,1,,"{AC4875B0-5E24-4600-B67B47801A141EF4}"
851,587,44,1,,"{EBD79D9A-4989-46AB-B958EE722663CD59}"
851,588,27,1,,"{AEB117A5-7819-4BF5-A2E2AA831F7A11C4}"
851,589,44,1,,"{DA835783-A7FD-4BC6-9E91C3196E5E6D94}"
851,2164,,5,,"{BF7268BA-B92E-DC4A-82E8099C6D8C6997}"
851,2165,,5,,"{CB053995-A685-9F4A-964E26B00AF2FCD6}"
852,14,7,1,,"{058D956B-B6C8-4ADA-B55CAC0FDCB8327E}"
852,22,10,1,,"{6AC0C50D-E2EC-4106-B559B21E462F93D1}"
852,173,1,1,,"{DA6E0A29-8D2F-4584-80B5CA7FC765A4FD}"
852,174,2,1,,"{AA989F10-0769-426F-81242AC01E91EC0A}"
852,175,3,1,,"{38BDB9C6-04CB-4C51-944BC6A021C11280}"
852,176,4,1,,"{340A071D-4EF4-45C7-9B6542EE67A200D5}"
852,177,5,1,,"{E370DDBF-2DE9-4BA9-B52B9C1B0C8313B5}"
852,179,8,1,,"{22910B78-9BA7-48C5-A6921C9745C9C7EA}"
852,410,6,1,,"{EC1B148A-07E0-4E5B-9463FEB56D70E202}"
852,413,9,1,,"{BF0B4F47-2691-4D8D-907EE63E239564AF}"
853,26,1,1,,"{7405EF82-33A8-4455-A98006813F0DA12E}"
853,27,2,1,,"{64540957-EAC7-400D-99698EA797011728}"
853,28,3,1,,"{A1EC84EE-A695-4B64-9E0E31A40DC56A47}"
853,29,4,1,,"{EDF7DC43-CC81-4B27-959D98B678828F52}"
853,30,5,1,,"{792833DA-E52A-4A42-874245C481886271}"
853,31,5,1,,"{50CEA6EE-6070-44BA-95C5FF3E7E583B22}"
853,32,6,1,,"{91DA8330-DA4E-44AB-9AF2672D04205731}"
853,44,9,1,,"{5C13999A-9957-4343-836496594DCF0F5B}"
853,53,10,1,,"{5A34E847-EECD-4BE5-8B3669E98FE10C68}"
853,59,8,1,,"{10883C2E-5B18-4C22-B014C45CCF67D930}"
853,422,7,1,,"{D39E7179-6E99-4449-A99D6549948051E1}"
853,557,11,1,,"{EA499438-5783-4881-A0FA4AEFC53A76C9}"
853,558,12,1,,"{A2AA4352-2F3B-40F8-94E9D634E3CA244E}"
853,559,13,1,,"{B70592F5-E7DA-4A92-9181FA6C4C136AB6}"
853,560,14,1,,"{4B66BC28-2C86-43A4-94141DC9C2F8AFC3}"
853,561,15,1,,"{4C166048-39AA-4175-A6819102315A8D93}"
853,562,16,1,,"{50189632-5D74-4298-B8D156659E89EE6C}"
853,563,17,1,,"{DA022F04-ED5A-40FD-8FA43363CC5A1968}"
853,564,18,1,,"{DE1388D1-9866-4154-8E4049D3F252F400}"
853,565,19,1,,"{8921A5C5-6AA5-4F70-8264B71E008FF242}"
853,566,20,1,,"{3D21295B-6CC1-49CF-89DC49FC6C4D3D6B}"
853,567,21,1,,"{FB0C773B-C48E-4489-91A9F45958E7975C}"
853,568,22,1,,"{8970ED51-D8D0-4485-823F11A1201A2DE6}"
853,569,23,1,,"{47428865-DE0D-42AA-821438845AC6A653}"
853,576,20,1,,"{74CE2EFB-7BCA-4B53-92B9D1E146A40121}"
853,577,20,1,,"{CAA760E7-47AB-43D7-8B00C0C0AA0ECD9C}"
853,578,20,1,,"{609F1B78-3559-42B9-B7AEBC1622C27920}"
853,579,21,1,,"{231205A1-1E4D-4E09-9D73CA33CC68A0E0}"
853,580,22,1,,"{B956CE86-38F9-4595-94AE318A390E971D}"
853,581,23,1,,"{C95086BF-553C-4C13-962201C04B4997FC}"
853,586,21,1,,"{3520CEE8-A36F-4C29-A91BD4DAF4B5EF57}"
854,33,1,1,,"{727835B2-E719-4118-A8EB2CDFE0CF8E91}"
854,34,2,1,,"{7CAB6C64-5294-4190-8AD25D652A727F4D}"
854,35,3,1,,"{EE6D699F-219A-4B3D-B2A605BB00260194}"
854,71,4,1,,"{BF60E55F-8832-4A10-9CA5F16835DB375F}"
855,46,14,1,,"{B1355B35-2B87-4A24-A6FA6FE8323FD5E6}"
855,54,3,1,,"{0D04E70D-6CDA-40A8-A52E80B50C5403F1}"
855,55,4,1,,"{D60FBCDA-FBDD-4439-B465D2EF797CE7D5}"
855,58,5,1,,"{8565EA40-4EAC-4D09-A1330EEC3AEFA11C}"
855,60,6,1,,"{E0C4E70B-428F-4F77-93309E2AF76A2A56}"
855,61,7,1,,"{FD5F3176-F382-4845-958FA5D1BBA8C98C}"
855,62,8,1,,"{E72AD1EC-6947-4B6E-B52BD8B07CE5AFF3}"
855,63,9,1,,"{6D06F3CB-29AC-4AE2-85FBED64A1CB1D3C}"
855,69,12,1,,"{9C107642-5CFA-46B0-8F2F5DFE37A13059}"
855,70,13,1,,"{CECBF1D8-4A28-44D5-A0FEB76C3FC8D6DE}"
855,140,1,1,,"{E2012DC8-433D-4B7C-BBF632424120C21F}"
855,141,2,1,,"{73164E2E-D364-4BE0-B5FD7644D52658C5}"
855,216,11,1,,"{22E6DA3D-1AE5-4162-BB183BDBBE6EA512}"
855,570,10,1,,"{4EAF7E66-BCAD-4736-98FD72E509EED1AA}"
855,571,15,1,,"{8F447931-3BB2-43D5-8BE7E2A45D400E01}"
861,459,2,1,5,"{7FAF84F7-3C28-493F-86009198063D729E}"
861,460,3,1,5,"{8DC95DC7-7ED3-4E44-98E84E41D31C8783}"
861,461,4,1,5,"{2CEEB9A5-EF2F-4928-B7A51C032B83BD86}"
861,462,5,1,5,"{B6A1B713-01F8-46B9-9BBFB21B98DFCF5C}"
861,463,6,1,5,"{C4250313-8201-43D5-88B3F5116A76BF78}"
861,466,7,1,5,"{835A1442-5C12-4DD2-9DB11F2CD226473E}"
861,467,8,1,5,"{9A74BA01-1791-468A-8FED8576D7F67772}"
861,546,1,1,5,"{80343B5B-FC84-4F99-A46627ABA58DB12B}"
861,547,1,1,5,"{2B9CBDA4-856F-419D-B74F8B3447B00A99}"
861,548,1,1,5,"{0C065717-2986-40BD-BB817C289D4120EA}"
862,451,1,1,5,"{2AA35389-CDFC-49BD-84980F5F258B07D5}"
863,452,1,1,5,"{998FC01A-EEF9-4671-B21A4C741330BBEB}"
863,453,2,1,5,"{2671AE89-DF79-431B-86E921DA803976EA}"
863,454,3,1,5,"{F7254D25-A5A5-4F1E-9B0B602EAB8993E4}"
863,455,4,1,5,"{AB4C4480-141F-48AB-86AF7C27E3B8C95E}"
863,456,5,1,5,"{AE1FF157-BE5D-4D71-839487706029A680}"
863,457,6,1,5,"{AA653672-A6A9-48C2-87E88C83077039FA}"
864,525,3,1,5,"{B0267614-31E8-42C5-B01B983BAE13EDE4}"
864,526,4,1,5,"{54F12CBF-1D4E-4BA7-9B540BC32E080CC3}"
864,528,6,1,5,"{233FB177-BA25-42F2-AF8A9F3FC2DED35B}"
864,529,1,1,5,"{34DFC6EA-5537-4D82-8C81975A4A9CC22F}"
864,530,3,1,5,"{68214CD4-DDD7-4878-A1D9FEB14DD63AC2}"
864,531,4,1,5,"{E58318A4-1892-4801-AF398AEBACA54765}"
864,532,4,1,5,"{17CD0F72-870B-4DCC-B3CEC00F33E0B0F0}"
864,533,6,1,5,"{6CC4682B-FD5C-4D48-93073EE5DBF987F4}"
864,534,6,1,5,"{2EDF21D4-4D5E-4088-AA674FF4593AF6AB}"
864,543,1,1,5,"{83C90BC6-17D4-4BD4-AE0E0D87FBFBF6A5}"
864,750,2,1,5,"{4E133357-2552-46F7-BEC1836336259CA0}"
864,751,2,1,5,"{BCE91662-C72C-4526-BA450F5D6F353744}"
864,752,3,1,5,"{82FE7B31-22FF-4FE8-AF54C7D2106C70B6}"
864,753,3,1,5,"{4BBC54E2-9212-4835-AD1CF9384F4183C0}"
864,754,4,1,5,"{B831AD5B-A7B3-4AB6-BB324C0205DEA17A}"
864,755,4,1,5,"{A63D710C-FD5B-46CC-9BFB6A06F9E34E27}"
864,756,4,1,5,"{A6516E38-CD86-46BD-93736AC590326D2B}"
864,757,5,1,5,"{1C7581EB-010A-4365-A24EE0A4C95CD345}"
864,758,5,1,5,"{F6E29417-D219-4E32-AC6754DB1ED96607}"
864,759,6,1,5,"{CC8B852E-F307-4882-8893CD0D9696E00A}"
864,760,6,1,5,"{F7AE2A80-9A1A-4F27-8EE19EF368D86A3A}"
864,761,6,1,5,"{E33B3072-14FE-41CC-8D272F377841D201}"
865,535,4,1,5,"{B3FD2BA5-2653-4DAD-9E3B4A05315FB9DA}"
865,541,2,1,5,"{F24676EF-F30A-48D7-A8B6A81014FF2449}"
865,544,1,1,5,"{AF0D6E8F-C75D-45CE-A36EEF78FDF27A73}"
865,545,3,1,5,"{D0BA6F60-7480-4815-9CDAF6BBF3AAD5B4}"
866,468,2,1,5,"{2AEBA869-D151-41C1-8CCBCB729EB5D7B1}"
866,469,2,1,5,"{CBE29464-84C7-4819-B5315869336B14A0}"
866,470,3,1,5,"{27DDA9C3-8229-4634-86A66BF8930B4787}"
866,471,4,1,5,"{788B74B5-3BBA-473B-A3A15C2DC188C709}"
866,472,5,1,5,"{EEC7149B-041B-4F84-A050A6133787E54F}"
866,473,6,1,5,"{0092936D-62F9-46D4-8DA0B216074530E2}"
866,474,7,1,5,"{EF41FF95-FB75-4323-AB0DCEB534A3A839}"
866,477,10,1,5,"{4A7C33BD-CA69-480A-B7B99418E6A87AC9}"
866,478,11,1,5,"{FCCCE708-2317-4565-819D5BA30C001AD0}"
866,479,1,1,5,"{C55936BF-2A73-4E4A-BAC02C257B4D3158}"
866,480,3,1,5,"{D6350033-9C6C-40F3-83EB68BCFE885765}"
866,536,8,1,5,"{5C64B3B3-CEEF-42B1-A433F15C246F7319}"
866,537,9,1,5,"{9CA9462D-8BA4-4470-B0B6E7933EDA7C2F}"
866,538,12,1,5,"{BE20F147-EDF2-4717-8855C392F62AEF3C}"
866,539,13,1,5,"{DF90D615-53B6-41AF-8050E7EE30DDD6DF}"
867,327,1,1,,"{B42925C9-6E05-4EAE-A49E7955BBF6925A}"
868,328,1,1,,"{18315000-AEDA-4CF7-9245C3A3271CED4B}"
868,329,2,1,,"{E01CB233-17CD-48B0-B418FE29ED5F9991}"
868,330,3,1,,"{8895709D-B6C3-442A-BA3709C11B71382E}"
869,331,1,1,,"{5F98D036-14DD-460B-9E011563D70D8F60}"
869,332,2,1,,"{B14B2A18-718F-4792-9C1698EB25816C9C}"
869,333,3,1,,"{4CF9ECB5-0202-49EC-BB1ADDE714EDC71B}"
869,334,4,1,,"{6E97C109-A7DE-48EB-89A15C5419962CF3}"
869,335,5,1,,"{88BD4253-64B1-44C1-9F236269E8C060A3}"
869,336,6,1,,"{B6DAB7BF-261C-480E-B718D6FA1E37702C}"
869,337,7,1,,"{35015FA0-487A-4BAB-8CC82A1AC956152D}"
869,338,8,1,,"{9E9BB8BE-0065-4F39-AA1C15C0FC8DBAD7}"
870,604,1,1,,"{0C0C6D19-E27B-4FB7-9587290F71CE74EC}"
870,605,2,1,,"{117A84DA-DF15-4D9C-98452E354DE1154B}"
871,612,1,1,,"{E91C6BB8-07F3-415D-A56C9469DFA169DB}"
872,636,1,1,5,"{507EBA3A-E4E8-4AD3-9DBD5875B67961AE}"
873,621,1,1,5,"{11928BF6-1AB2-44A0-98CF23481CD42253}"
873,622,2,1,5,"{B78B455B-15F1-432F-9E9DCAA39857C4C4}"
873,623,3,1,5,"{A4DE61B6-5DC2-47F4-887BEBFF94ED3CA9}"
873,624,4,1,5,"{772F9818-A418-4B43-AD3B775B0C9729A8}"
873,625,5,1,5,"{E3A16992-4A4B-4069-8B1CC34AD0304B34}"
873,626,6,1,5,"{6FA6A0AD-A23A-430C-B4A591BC77128F32}"
873,627,7,1,5,"{405E6E7E-BB9B-4028-BF03447D96E4469A}"
873,628,8,1,5,"{16AE3950-BB17-4AB5-A6C895E28E7E9F32}"
873,629,9,1,5,"{69C318C1-7C40-4F61-AA654087EABC718E}"
873,630,10,1,5,"{1BF9D3E6-073D-4404-92E278AB7F9EE8F0}"
873,631,11,1,5,"{04A9B473-2AC9-4CEA-8D76B34F84767FE5}"
873,632,11,1,5,"{D6384C7C-F776-49FA-9A6EB5A782711D80}"
873,633,4,1,5,"{FEDC9BED-D59B-452B-B1A46207AD6760CE}"
873,634,6,1,5,"{E79FE4F0-D033-4757-8EA5C02998331F16}"
873,635,8,1,5,"{16A37CBE-A317-4D3A-B1AF7F4B28BC47A9}"
877,703,1,1,,"{419F7D22-20D3-4D78-B0A1E87C3DFE075D}"
878,706,1,1,,"{8E533A86-037C-4160-99BE94D603952E6D}"
878,707,2,1,,"{7ACEC63C-2826-4502-A5FF234841924C9B}"
878,708,3,1,,"{9BF9A4CA-44B4-46BB-9075E0EA773F8EAF}"
878,709,4,1,,"{50076794-6B10-4986-89021EB1F172C5F5}"
880,590,1,1,,"{E526DCC3-D166-4938-AE525843C2D6251E}"
880,591,2,1,,"{90CFE683-703F-4AC7-B07A6FCC2165E3C1}"
880,592,3,1,,"{8BBD235E-5AA5-49D4-B8B8D9B57CAE2CCA}"
880,593,4,1,,"{99AF6D54-15D2-4DA8-AC93E4074B96BBF6}"
880,594,5,1,,"{A8FDD714-58E9-45B6-B69514587789B9B2}"
880,595,6,1,,"{D7CB679D-61F8-4668-99EBD05BFDD41195}"
880,596,7,1,,"{D34AC359-69A6-4FB4-BB360B1777B77268}"
880,597,8,1,,"{14D5AA87-1B0E-4AED-A262486AC55B8E6D}"
880,598,9,1,,"{017AFDE1-4AB2-41BB-B8DEFF972FBB22E4}"
880,599,10,1,,"{40DD54F6-5556-4927-AF14FCF1234F2FB8}"
880,600,11,1,,"{3DC30155-0639-4071-BA70BB929477918E}"
880,601,12,1,,"{0E1CC669-2F7E-469F-AE8397CA6B57AD0A}"
880,602,13,1,,"{3BD93DEE-3080-4D53-ACF3F223DEC33737}"
880,603,14,1,,"{51EEB4A2-60C1-4230-9AF3D0BA7A3670E7}"
881,607,1,1,,"{3DFA39D0-3FA8-4EF8-BD42A5466605067B}"
881,608,3,1,,"{6046CC45-67AF-4A5B-AED4FD8202787E58}"
881,609,6,1,,"{7B8F1A81-6220-4E49-803C94AFDA2C7839}"
881,780,7,1,,"{BA6A03E7-F2F6-4B61-A31AF45FFEB99F8D}"
881,785,9,1,,"{73A547BE-2C99-4508-B89F92BAB5A1A51C}"
881,786,10,1,,"{B79BB5FE-648E-47B1-A21D10B1C429CD13}"
881,787,11,1,,"{A1653C72-232F-4E9D-AF227B81BEB542EF}"
881,788,12,1,,"{DA622DCE-AAA7-4277-9318A5FAADD26041}"
881,789,12,1,,"{D8C4685F-40A1-4A49-98DFB0584718C343}"
881,790,2,1,5,"{C43E32F9-8085-47CD-9C461B0F70A8029F}"
881,791,5,1,5,"{A62A7E81-66D3-4516-A6242DF08221F00F}"
881,795,8,1,5,"{BBC911D7-D575-407D-AF5E2AFD42F0B0D4}"
881,799,4,1,5,"{D34244EA-A5C5-471A-9CEB8C8F70851C5D}"
883,610,1,1,,"{95CC92F8-8571-43BC-8421735C8C353264}"
883,613,1,1,,"{C62A39F3-A0D1-4300-AFEF2A624461C447}"
883,614,1,1,,"{5739191D-C78D-4E2A-AE364ED826A686B2}"
883,792,2,1,5,"{47137A6A-CBFC-4072-B0B9D79CC3FC298D}"
883,793,2,1,5,"{FB280636-DC55-4DEF-8F39FC4D4234CE73}"
883,794,2,1,5,"{71245042-A8A0-4114-A7D3FCEEE7514388}"
884,781,1,1,,"{3832012F-8593-415E-B74659964FB05441}"
884,782,1,1,,"{412593F3-0170-41A1-84F2823441A7686F}"
884,796,2,1,5,"{6399FEF0-96BF-492A-AD0A38D4CED2B63E}"
884,797,2,1,5,"{4CED4877-2E18-4044-90EA051E194F21A9}"
885,784,1,1,,"{A3178FDD-B35C-4133-9CBBDCE343320745}"
886,783,1,1,,"{41E8B6A7-098F-444F-BE7E55307409F995}"
887,800,1,1,,"{B3CF514A-F973-4626-809C7852C8E5E1CF}"
887,801,2,1,,"{A8BC28C6-5408-4337-8E5C4C0C9696B62F}"
887,802,4,1,,"{E0770686-685B-467D-8DD3E0FC35FE6E4C}"
887,803,5,1,,"{A6039E48-24D2-4F4F-B429294A87F70E68}"
887,804,6,1,,"{264D7AD4-565D-4138-8664AA0235C94633}"
887,805,6,1,,"{8309E64D-E225-436C-B56FB3D73857C461}"
887,806,7,1,,"{38672E46-06FD-44CE-AD29CDC9CD0B128F}"
887,807,7,1,,"{BB3ABBD7-5B8D-4C74-977A138C3410770B}"
887,808,8,1,,"{9CD101F5-A2F7-49DF-B347A6404B8EB243}"
887,809,8,1,,"{2471B4E2-F820-4BFA-BEF897F5030F26C5}"
887,810,9,1,,"{10D913A5-5437-4E08-A9D047E1F227977D}"
887,811,9,1,,"{E3CFF569-F681-4B52-8004CA67FA3F6C0F}"
887,812,9,1,,"{42791121-193A-44C3-8D836DEB91A0C305}"
887,813,9,1,,"{68C3E3BC-4CD1-4505-B8F3197B6F95D892}"
887,814,9,1,,"{EB92589A-8EC2-4429-880364E812A13377}"
887,815,10,1,,"{11626A28-7C15-4E8B-91016A6D9BD238A2}"
887,816,11,1,,"{DC2EDC40-A122-483A-AD032897D33A20C7}"
887,817,11,1,,"{930C35F2-0056-4565-A6A5E13F7B8D2648}"
887,818,11,1,,"{44D8756C-05A0-4CFB-85F3C3768C1BCC05}"
887,819,11,1,,"{98E7229D-8823-429C-962C92BAC3AB22D5}"
887,820,12,1,,"{BB5CE122-8401-477D-A729F8D226EFCB55}"
887,821,12,1,,"{B1A200DE-2F40-4D33-A23E7B49BCDBFC41}"
887,822,13,1,,"{BF9F6649-B5DA-44A6-A03A1B500EE21CEA}"
887,876,2,1,,"{D0B23400-4FA2-4D92-B40D8BE7535A6E88}"
887,879,3,1,,"{DF78EED6-1B7B-4296-87DECC44CCFF4709}"
888,823,1,1,,"{0E9BCF43-3E81-4F70-A0C2EC98D6DF666F}"
888,824,2,1,5,"{BA806A81-40DA-4363-A3A611A8652BA0E9}"
889,838,1,1,,"{F0E37A3B-C1DB-4582-B1D4CE34BDBBF2FA}"
889,839,2,1,,"{BC6B2766-414E-4EE0-966830F9CFC7D28A}"
889,840,3,1,,"{C5F16462-2A3E-43DC-A636AB709E22E143}"
890,825,1,1,4,"{B29EF96A-8C68-4DD4-A790FB412D077D52}"
890,826,2,1,,"{637DD225-F6DC-4C74-BF28F40D937F0BE8}"
890,827,2,1,,"{86B55740-4587-4A57-813E7C31BED18806}"
890,828,3,1,,"{F5802334-0850-44D1-BAB321B83C976437}"
890,829,4,1,,"{5CC98F83-1FE1-4610-89E2662065288D60}"
890,831,5,1,,"{4BC3723B-1AA1-4DB8-A1CA0DE288491472}"
890,874,1,1,,"{F1B91CAE-49BF-47B2-A2819549C04D11CC}"
890,1903,,4,,"{0F679C0E-0501-A147-B526A14986D7B7B0}"
890,1906,,4,,"{C5B4DBE2-A20D-A941-9776324E831BB1B4}"
890,2056,,4,,"{51C25118-34D1-9943-8CFF909BBD1618BC}"
891,832,1,1,,"{3CDC752A-B07B-4A9B-B45996D8615FD679}"
891,833,2,1,,"{35A893FE-87C6-423C-9A2206EF4C8A0EBB}"
891,834,3,1,,"{027FEEC8-BFCE-4DB6-9364693B77D9764F}"
891,835,4,1,,"{013112B0-76C7-42A6-8AA6A0E110C5F3FB}"
891,836,5,1,,"{BEFA16D6-98FD-4B45-AC4DEECC0DEA9822}"
891,837,5,1,,"{DF6AE415-60CF-42FE-AE016ACC44B6D46F}"
891,875,1,1,,"{FE2B4F27-0740-4156-8B5DAAF5313CE3EB}"
891,1892,,4,,"{AB10F05E-F877-A44D-AA0C684FB07233F4}"
891,1894,,4,,"{C2328C56-8E9F-DD48-947E7F12D2D6A93D}"
891,1895,,4,,"{2E32C214-B02C-F143-936E8BC6550878FC}"
891,2039,,4,,"{679AA058-2E8E-3544-8BEC9C107B99B471}"
891,2040,,4,,"{3173E7E2-0D41-2A4F-9BB3337CD63EB3E7}"
892,851,1,1,,"{DC2CDA4B-9DBF-4AC6-B7FF4B502E4775B4}"
892,852,2,1,,"{353C26DB-17CB-4E4A-99A473AAD5089FF9}"
892,853,4,1,,"{126408EA-E36E-4996-A2AD35481C9EB958}"
892,854,5,1,,"{EE172A36-C4E0-41DE-B268AF67686CE77F}"
892,855,6,1,,"{4614A1C3-32DA-4E20-AB3A46E4A9148457}"
892,856,6,1,,"{28020D0A-9F60-4EF9-B8C7CA68983F74F4}"
892,857,7,1,,"{1A5A5E7A-A49C-446F-BCA4CF7A20AA7E7D}"
892,858,7,1,,"{452994B7-3A3B-4C7C-A4C4C9E9113E2DD9}"
892,859,8,1,,"{9EAAD5FF-E123-4AAC-90E04DA90BC61B2E}"
892,860,8,1,,"{86A467C1-54CF-4D28-A8FC3CFB4A7CCC34}"
892,861,9,1,,"{9807E0B4-EBD8-4577-A18CF310E353A175}"
892,862,9,1,,"{8C36204A-2830-449D-B6268427575796B5}"
892,863,9,1,,"{A66FF773-FDAB-4055-BD0C82F6B25B1D4A}"
892,864,9,1,,"{A289EC95-7470-4077-A609B98656989ED0}"
892,865,9,1,,"{A41BE931-931A-4152-97A32D2FA9BCABAE}"
892,866,10,1,,"{D06DCE1A-8348-4621-9CDD98C55E1415F5}"
892,867,11,1,,"{4D8EA958-745B-40A4-A8174F6DB0CF010A}"
892,868,11,1,,"{4D2240ED-C402-4FB3-8CD889A35892F673}"
892,869,11,1,,"{99C31C2F-D5A2-441F-8897623D8F36B123}"
892,870,11,1,,"{DF44809A-D1A6-4616-BAD16D9ED94640F3}"
892,871,12,1,,"{3261E666-15C1-4914-9C68D296CD9C74AD}"
892,872,12,1,,"{34A57955-25E1-4B14-A9382B3D450C41D4}"
892,873,13,1,,"{92226098-14AA-4A62-95F23A8AEF235CC9}"
892,877,2,1,,"{E740B177-42BD-4CBA-B4E29E57745B83C1}"
892,878,3,1,,"{ADCCD7F1-C53D-46E0-9329B1CA6F8189D0}"
892,2035,,4,,
893,847,1,1,4,"{FF97A599-B414-4337-84DFA385CF2AA1EA}"
893,848,2,1,4,"{A9BA5935-B14F-439E-83BD0B09D53F28BD}"
893,849,1,1,4,"{6C6A78AE-BBE5-4C6A-A2C1DA6587A838A9}"
893,850,1,1,4,"{57B51067-F2AF-4723-B49D6B79FE27295B}"
893,1873,,4,,"{55EE1B56-F820-CD4F-A54A5276FB1009F9}"
893,1874,,4,,"{C6E6B785-C8D8-8B44-B5998AE8344F6547}"
893,1875,,4,,"{EB8F6921-0950-5B4B-9C99762CD011EC3B}"
893,1876,,4,,"{A3B41027-522D-2549-8B99784FA9856373}"
893,1877,,4,,"{3B3EDB9F-13A7-5B43-ADFCB9C7ED23175E}"
893,1878,,4,,"{984D26B5-680F-BB41-A32D65F11FBBA96E}"
893,2011,,4,,"{5183381C-013E-7845-B4D0A8AB88BDB6CA}"
893,2012,,4,,"{69B568C3-6C9B-1E44-B8DB78B65AC63781}"
893,2034,,4,,
894,841,1,1,,"{3DED4E31-4CEA-46DC-B94CA1379B8E8C8C}"
894,842,2,1,,"{E9A4FC66-7A13-4674-BD52B3BCA291F47C}"
894,843,3,1,,"{0D1C88B7-0706-4497-B6D80EDB0039AC32}"
894,844,4,1,,"{202363B9-955B-4AAE-B3E882B262E68924}"
894,845,5,1,,"{ECE8C443-76ED-4598-947B43638B43F47A}"
894,846,5,1,,"{85D1E944-837A-427E-A604C7FD5E86CB8B}"
895,340,1,1,,"{00F7C381-E7D6-4648-AB98293C0F373296}"
895,341,2,1,,"{C30FD190-383A-45E0-A72775367F6C8A07}"
895,342,3,1,,"{4A36F83A-539C-4900-8702338FFBF80E53}"
895,344,4,1,,"{B73DCB8D-5154-46CF-A56D17343F045C75}"
895,345,5,1,,"{78D3FEF6-75BD-462A-B303836BAF51C1AC}"
895,346,6,1,,"{5385D160-D686-4EB3-8D8FB3FCC5FFCC21}"
896,377,1,1,,"{12312246-27F9-46D3-AAAD08D3704157FB}"
897,615,1,1,,"{BB81AE64-8D7E-487F-962F8E54653CE606}"
897,616,2,1,,"{37E0BD13-8211-4D30-95005AC2C363B58E}"
897,617,3,1,,"{5682E675-8AE5-42F7-A72571A5FEC55A9B}"
897,618,4,1,,"{68302F25-ED13-4A92-AFD3944AA44EBB4A}"
897,880,5,1,,"{007CB58A-6CAB-4A9A-B943181E23ED8C03}"
897,881,6,1,,"{982CA127-5F2A-4BA0-8F09F4963FADF844}"
897,882,7,1,,"{4975CB56-6125-4B35-91BD71D0E1D85A57}"
897,883,8,1,,"{FC7FD3E3-877B-4AC2-856059943396576C}"
898,347,1,1,,"{50751384-7A49-4E3F-8373C8F19F3E21E1}"
898,745,2,1,,"{F0AF2D89-1092-4471-A92D911978A3E36F}"
898,2139,,5,,"{0C2E780D-818E-1348-AC6B14F5A259607C}"
899,359,9,1,,"{4CE8EB3B-458C-4B4C-AAABE3FF8E8A003D}"
899,378,1,1,,"{F0A39C4F-8F8F-4E73-B9CD2505DDD098AE}"
899,379,1,1,,"{15EDB623-4AAB-4392-A72ED507DE0ED889}"
899,380,2,1,,"{5D483BAB-5639-459A-B9948DBE877C02F5}"
899,381,3,1,,"{382146E5-9892-41D2-9A857ED99C6AB924}"
899,382,4,1,,"{A962DDE1-C28A-434D-9293DC7F1086F6C7}"
899,383,4,1,,"{DDF87CAC-A739-479C-B43035B5CDC72F0C}"
899,385,6,1,,"{C7D83EC7-5887-47B2-848C5916BEC33E09}"
899,387,7,1,,"{A30EE875-D4AC-443F-85B337E4282441E1}"
899,388,7,1,,"{381C83EC-7DC2-4318-B40C6DC72DBF84A0}"
899,582,8,1,,"{47FAD82F-AF09-4BFC-9499758621287852}"
899,583,5,1,,"{0BD77FB6-512A-45EE-806BD5B5A16E9AEE}"
899,584,5,1,,"{1E64C8FD-9CD2-49B6-B52BACA92C5FFA1F}"
899,585,8,1,,"{C2D85751-7AF1-4B1A-B8D332E2CDD6A1E2}"
899,746,10,1,,"{92DC58F8-288C-4AE9-A209551CEC16DCFD}"
899,747,11,1,,"{32D8FD5D-64C2-4D21-A3D16EA809B91792}"
899,884,12,1,,"{0171CA99-7BA6-4978-B8D7090469EA7629}"
899,885,13,1,,"{CCAAEA90-B74B-4349-BA4888185B9C529D}"
899,886,14,1,,"{8EFFE00D-9EF6-447C-AB6013E6B609D3B5}"
905,700,1,1,,"{39B3A090-7CA2-4863-8FD439E11B83CE24}"
905,701,2,1,,"{6277B381-8DF1-4801-B4FF9BEFFD69E193}"
906,702,1,1,,"{2C903800-2FC8-4969-BC77C6BA25703E2E}"
907,696,1,1,,"{CF889C85-D10E-4181-8B6BFA5162430E9B}"
907,697,2,1,,"{497CCF9A-C17B-43A7-BB429166D6AE6157}"
907,698,3,1,,"{2D89F58B-80C1-47E6-A0F72B3D8AA9494F}"
907,699,4,1,,"{6D51C644-0552-44E9-9D33BC4354762552}"
907,704,2,1,,"{2E5C5C6A-7D84-4660-86381445B5D56E3C}"
907,705,2,1,,"{006850BF-3D06-45B3-945F47312C614BAE}"
908,888,3,1,,"{85DDFD89-CC44-445A-BB3C6BF6278436FE}"
908,889,2,1,,"{52F8A79A-C738-4255-AB703A60A7860C83}"
908,890,1,1,,"{8423D0A1-33AC-4E71-A6D4F6FA5C577FC8}"
909,887,1,1,,"{3B88678F-1F15-4864-99DEDB2EF7021006}"
910,896,4,1,,"{3E9174D0-053E-4C89-9DC8A58849BA5503}"
910,897,3,1,,"{BCDDB02A-5D6E-43EC-9633463F410041C1}"
910,898,2,1,,"{E9508EFC-8FE7-40E7-91FE9F29B85A6B75}"
910,899,1,1,,"{68C0BC30-F85B-42C3-BDD8511CFDF6A217}"
911,894,2,1,,"{49E54703-08D9-4A21-9294A16D90236671}"
911,895,1,1,,"{C21B648E-D8FE-4F75-A63584D83EA52379}"
911,900,2,1,,"{E11CFE8F-2385-4973-A6E2F89E564D9416}"
911,901,1,1,,"{88B182EE-E05D-472C-9734AC574F031868}"
912,891,3,1,,"{58B4D7E0-C78A-49CB-A82447FB7D3716D7}"
912,892,2,1,,"{0CEC7B64-2D10-485A-97D3148D8C650C55}"
912,893,1,1,,"{30086CEE-617C-4344-B6FC4AC8D52F9612}"
912,902,3,1,,"{B2749FBB-CCAC-4FF7-98780099D4D38CAE}"
912,903,2,1,,"{FFF62CF3-6D1E-45CB-A29EC84D1AC81B08}"
912,904,1,1,,"{9A52702A-0B2A-4106-91EB9022A9F095CE}"
913,1718,,2,5,"{0A7BBB6D-C5E2-4EE5-BDEC8B2C9F7D1C16}"
913,1719,,2,5,"{B9F1EAC0-E1AD-4EC2-B585D0E70F4CBEE7}"
913,1721,,2,5,"{9D244D75-5BC3-4EA3-A1DC3F76D82CE86B}"
913,1722,,2,5,"{F8DA0AEE-BEF0-4EC4-9E5041166B8283F4}"
913,1723,,2,5,"{A65D9EDB-96EB-47E6-B4AB20389395DD7A}"
913,1724,,2,5,"{205D6E19-36D4-4397-8C188E199EEFEC55}"
913,1726,,2,5,"{BFD85274-0DAD-4101-B90BBC2C762EBCBF}"
913,1727,,2,5,"{28DCA28B-A194-4B3B-BC292B987ADB6743}"
913,1730,,2,5,"{F5240BFB-66DD-4746-A49CE1A7FC64C465}"
913,1754,,2,5,"{CA1E620C-7B2A-4B34-8384046B73A6CE0F}"
913,1756,,2,5,"{78A1652A-3684-4BA3-979D13CD503CC3FC}"
913,1757,,2,5,"{785B7E1E-0C6B-460B-A2AFC79359999563}"
913,1758,,2,5,"{EC1E6445-D515-46A1-8284B3793EC07E73}"
913,1798,,2,5,"{ACA90971-264F-4537-906820FF5AEDBD39}"
913,2161,,5,,"{BD7579CF-3028-CF42-9FA9ADA57EFB3615}"
914,1729,,2,5,"{67848991-9A82-4373-8AC32D17C284AD08}"
914,1731,,2,5,"{33351845-DC14-41D9-A5255DCB6485BF25}"
914,1732,,2,5,"{47D23407-0E0C-4560-8BC37C8DD24F6D6F}"
914,1734,,2,5,"{4C93D514-63DB-420D-9361ACA014FDA7FA}"
914,1735,,2,5,"{9771F76E-C163-4277-82375171A50B630D}"
914,1736,,2,5,"{26DABC4E-581D-47C1-A1EF6CE62436D8B9}"
914,1738,,2,5,"{B3889A6F-2A14-484E-9CDD9266B131309C}"
914,1740,,2,5,"{B78D1BCB-3395-4B9E-83042ED5E531248B}"
914,1741,,2,5,"{717F90BD-2C59-43B4-BA5989E9ACDC3AEA}"
914,1746,,2,5,"{16AF7072-7EE9-497F-A91AB88E5CDA8154}"
914,1747,,2,5,"{5B75C8C6-FFD6-4882-862D07D560E50FBD}"
914,1753,,2,5,"{E6F83656-337B-471D-BDB566828E3BA076}"
914,1759,,2,5,"{FCC6B5F3-083F-4A59-92B74D737AEB784C}"
914,1760,,2,5,"{229B3101-DC2D-4844-8D07E63624E873DF}"
914,1797,,2,5,"{1E7F103E-ED5C-4F9B-A684B6CB80791FA4}"
915,647,,2,,"{0E5126AF-C75A-453A-B6AE25EEA983E020}"
915,1796,,2,5,"{55336893-3A06-432F-94FFBFD5799C376D}"
916,1752,,2,5,"{BFE1790A-01CD-463D-8DFD6FA917CAD18B}"
917,1737,,2,,"{6E66F5BD-589D-4CD7-B06D21062A5748AF}"
917,1739,,2,,"{C5CF4641-7057-41FC-A92893FA95BE0CE0}"
917,1742,,2,,"{9114E823-6797-40DD-B574934094D22BF7}"
917,1743,,2,,"{3067AED2-E54A-4B88-AD6FB26722E07856}"
917,1744,,2,,"{A109F4E0-D16A-412F-84A2A6653B93A93B}"
917,1755,,2,,"{3EEA3174-8384-4A1A-BDCBA94BB347D2A7}"
917,1766,,2,,"{30389DDF-BF92-467D-9023D7BA96F64A9D}"
918,1745,,2,,"{F77236D9-B808-40A7-B668E5BCE64359C0}"
918,1748,,2,,"{8E06A042-3494-4314-BCA8F6A103BE4112}"
918,1749,,2,,"{D05626DA-5DFA-4703-A6A396CE7A3879CA}"
918,1750,,2,,"{C604E759-F3D3-4999-85A359D53BFEC452}"
918,1751,,2,,"{B2E630D4-A327-42EE-95D2B5EB89EB0AB4}"
918,1764,,2,,"{BCC4ED17-D8A5-46C3-9194194F9CC46658}"
919,1770,,2,,"{92F7C491-F4E5-4974-B97A4F3FE7CBC505}"
919,1771,,2,,"{B0A60B94-B767-4B44-80FED5658C8282AF}"
919,1772,,2,,"{6F15C6B4-11FA-4B17-B0698CC32C9D5484}"
919,1773,,2,,"{1009686C-6658-4C75-907961D8B120AC95}"
919,1774,,2,,"{877277F7-8F0D-413A-A8703E97BA54ACE4}"
919,1775,,2,,"{065BF0BD-C71C-4457-9FB96AA31C8842BD}"
919,1776,,2,,"{0853852C-4957-444B-93C77DB152C83F74}"
919,1777,,2,,"{5386FDE9-00BB-4E6E-A1973E00C338BAC4}"
919,1778,,2,,"{20FAF74E-5489-4D55-80F07160E5A33D2C}"
919,1779,,2,,"{1AEC36BF-7C82-4421-9D5D23A18FA103B0}"
919,1780,,2,,"{53855014-4397-4F87-871A791C8B4AF01E}"
919,1781,,2,,"{9D106153-6274-495A-A8B64A5468A70CD3}"
919,1782,,2,,"{93D61CB2-8E53-4F86-B2D207FFA08ADEF8}"
919,1801,,2,,"{758A1BC3-CDBB-4169-9B61FEF6DD3B74A5}"
921,1696,,2,,"{4C609156-590B-4BBF-B1EFCD4E421CB6BB}"
921,1712,,2,,"{44454BC9-6055-40AE-BBA40309009429BD}"
921,1713,,2,,"{CF793121-C1E8-408B-B0A3A147AA420D29}"
921,1787,,2,,"{DEB8A9E7-8D3A-4ACD-B399E02F0375BD14}"
922,1788,,2,,"{B1522DB0-7048-4276-81B7E9A3342A2344}"
922,1789,,2,,"{A5E56CA0-D243-4F98-83E0C220AA72D255}"
923,1783,,2,,"{CD038D60-8BFB-4F9A-8429297D1C84F2E4}"
923,1784,,2,,"{892527CF-E3A0-4ED1-B4FE467382189AB4}"
923,1790,,2,,"{4480E6D5-468E-4784-A10A025B47E2A9F1}"
923,1791,,2,,"{958E9767-0703-4EE1-A181C2DCB501569E}"
923,1792,,2,,"{B0AD7659-9EB6-4F5D-86649AFAF603EF27}"
924,1793,,2,,"{C1257D0E-7F40-4ACA-B64CBAE4B34D88B2}"
924,1794,,2,,"{DD44EC6D-2383-4E31-B8DD2586B163A89E}"
924,1795,,2,,"{B57D0E14-A13C-4E8F-85FC224184C0D748}"
925,1799,,2,,"{00C8104F-2935-479A-BC3D32C563453BC2}"
932,1819,,3,,"{CC1BB965-8F61-0E4C-9B0B0934535A9B42}"
932,1841,,3,,"{02D6A73D-3D06-6845-8C5902DD2D2C4B7F}"
934,1820,,3,,"{B405DA9F-4AE2-BB40-895A8462DDC865A7}"
935,1805,,3,,"{E6C8649B-F2E6-8C44-A2C190C21A4EA34C}"
936,1806,,3,,"{6B1B90D9-68FC-EE43-9F68FCAC09AFDE2C}"
937,1807,,3,,"{89C88E94-D080-1242-AB70D81CCA3DF391}"
937,1809,,3,,"{D3468F15-8BD3-BF4D-BFC0E1D180409065}"
937,1810,,3,,"{EB95A883-8986-FD4A-8F61C0DEDF93DA86}"
937,1925,,4,,"{E4FDDA37-8072-FD40-A35E8D698D408801}"
938,1811,,3,,"{E23C9EAB-9751-BF49-97D7C4460AF233AF}"
938,1812,,3,,"{75309CF2-723D-BC4E-9FB16562CB7E9E94}"
938,1813,,3,,"{BCC5E1E4-C1FF-C244-A3232EF5BCFE86E0}"
938,1814,,3,,"{3E941107-A645-7B4D-AE83ED8B5F44B7A0}"
938,1817,,3,,"{B0047E95-BD0E-144B-AA5AC7E30C6B4485}"
938,1830,,3,,"{04AB1CFA-5FDB-524D-A02A5FF55D374742}"
938,1931,,4,,"{899D12A4-E782-314B-88397492672FFE53}"
939,1926,,4,,"{D61792A6-94A6-2F4A-B94D9AECDF9EE157}"
939,1927,,4,,"{3052C3EB-4F15-CE46-92A182B26665BEA1}"
940,1928,,4,,"{3AA63BAC-CA19-3248-8171EDAC988F020E}"
940,1929,,4,,"{85970529-DF4F-A24B-ADBA340F5230500D}"
940,2058,,4,,"{9C5EC72B-3C08-904D-B11C789D555A7976}"
941,847,,4,,"{D191502A-2E8A-7D4B-9FFA7B2106988540}"
941,848,,4,,"{3FF33E5E-539B-AF45-BDFA290D04ADC138}"
941,849,,4,,"{C1198E7F-35DD-BA48-AD9CBC53E00C5993}"
941,1848,,4,,"{E0000389-4B47-C94F-A4B6EE9412FA577F}"
941,1849,,4,,"{E090D8A4-6A1D-5C46-A745E80E2B3DE4FD}"
941,1851,,4,,"{C58C1642-F0E9-FB44-B5912D34FCE19791}"
941,1852,,4,,"{33AA729A-F026-434D-B2A2FE2A28FF01BC}"
941,1853,,4,,"{D43BE3BB-6C99-DD4E-AD4796E0124AA8A2}"
941,1854,,4,,"{0A82AC9B-DBE5-1E4F-B07E11E8BA4AA039}"
941,1858,,4,,"{9AD87002-B910-C04A-AC5BD6B8C86F44A4}"
941,1859,,4,,"{DD109F34-C22F-B142-BA91873607DB449A}"
941,2021,,4,,"{8F79C0C2-0039-C74D-AF3205D0B6689A64}"
941,2050,,4,,"{756589FF-0864-724A-893F9896B8B5F2A1}"
941,2051,,4,,"{E2660EF3-8783-E843-9CC5657653E323F6}"
943,1863,,4,,"{49187D8B-FFCC-214D-85D7537615B72C88}"
943,1864,,4,,"{7565774B-A212-A34F-8D30B95A820C2B7F}"
943,1865,,4,,"{5344720E-74E2-1E40-A3F90CEAA1C56ABA}"
943,1866,,4,,"{D2CF8A4D-C0F5-F44F-BA39162ED2286346}"
943,1867,,4,,"{A7F0287F-4948-634A-A0EFD584C7E09EC4}"
943,1869,,4,,"{6C723A4D-5CC0-7242-A7E15882D5583B27}"
943,1870,,4,,"{3EABB254-690A-A042-96A6BB31B9684C37}"
943,1871,,4,,"{8EC29107-DB7A-204F-844AA7A6B2121DF3}"
944,1908,,4,,"{88D3F29A-D68E-184F-A6E26B80F455A2F5}"
944,1911,,4,,"{A7BE17DC-556D-674B-AD08BEB60BC59571}"
944,1912,,4,,"{31DA6683-2ACB-6D48-96E9E769F8516AA9}"
944,1914,,4,,"{3C6D8A12-6AA9-F442-8DC795FE1FDD133B}"
944,1915,,4,,"{7F01A1B9-63F1-1A4F-887806FB1BA94124}"
945,1971,,4,,"{D1579389-07FB-224F-BA3DB07C37D04ACC}"
945,1972,,4,,"{53FF73A2-B933-F341-812449AF6F664E78}"
945,1974,,4,,"{552A1D93-E01E-884E-804E9D549ACCAE70}"
945,1975,,4,,"{AF25F6C7-28A0-F44C-A7C4047CB691999B}"
945,1977,,4,,"{222A48DA-450D-3047-A0CF4919BB80C221}"
945,1979,,4,,"{4D3BC993-A572-6449-AE2DB623B61170C3}"
946,1967,,4,,"{E4280016-2F5F-8441-8633971107D6BEE8}"
946,1968,,4,,"{E6FFB443-D6B2-A949-B9802E29F87AB65A}"
946,1969,,4,,"{8E7B32A6-1EA9-2344-965438F5EFC9187A}"
946,1976,,4,,"{28B6DA82-1675-354B-950584782033E58F}"
946,1978,,4,,"{13476395-6042-DE4D-AABE8F1CA7B0BE85}"
946,1980,,4,,"{0865BD4E-B1E7-D849-9D0B42DDB1742D88}"
946,1981,,4,,"{EEC556C2-2743-8E41-A3C2CC3D25219C74}"
946,2014,,4,,"{685A127D-C156-EF49-9E8F52B1620A44F1}"
946,2037,,4,,
946,2044,,4,,"{0095A376-0687-FA49-8D5F85EFFA2C6843}"
946,2045,,4,,"{79C20040-9249-5A48-9CEC031FB694AE01}"
946,2047,,4,,"{5F7D51D6-451A-3047-A31B33AEA9E8E6C4}"
946,2048,,4,,"{7988F3B3-88A5-0245-9AE34D3C35590DE9}"
947,1951,,4,,"{C8E44807-C116-3645-B1B95747CB80E036}"
947,2036,,4,,
951,1888,,4,,"{57330FB0-587B-9244-B2E67C99AECF4407}"
951,2024,,4,,"{C433D836-F44D-774D-BEAC32A54C28391C}"
951,2027,,4,,"{81344126-FD99-0F4A-8E8E780C5EE711E5}"
951,2028,,4,,"{8E0CE9D6-CCB5-ED4B-A21718420974E9B5}"
951,2029,,4,,"{FA4D6A4C-6390-2745-BBE711AA0A29F601}"
951,2030,,4,,"{C20D8C30-31B0-4043-B4CED59C6DE3ABD4}"
952,1887,,4,,"{00E7D363-7375-EC4E-9CD8C210DD1BC26E}"
952,2017,,4,,"{0F6BAAD4-B1BD-8548-A95AEA53224DE61E}"
952,2019,,4,,"{0A468FCB-9257-D64F-990EA11C2C610BC2}"
952,2020,,4,,"{2A3FBC78-7DF8-F847-A68A67F84A2DBE1F}"
952,2041,,4,,"{DEAE0E66-347E-FC42-83F56D162AD243D0}"
954,1935,,4,,"{B96A592C-6BE8-004A-8D17A4E9398862AD}"
954,1936,,4,,"{D86101CF-7504-AF41-A2B600782D5A6F56}"
954,2007,,4,,"{6695BC54-FA8B-CB49-A70CA9916C13DD8F}"
954,2008,,4,,"{C341329C-ACE6-CB4D-986329C12790C205}"
954,2042,,4,,"{00C6A4A9-5A04-2E42-A7F53E98C9A35B92}"
954,2148,,5,,"{EBDF8B66-D1E5-7F4D-9E408EC4BB660FCB}"
955,1883,,4,,"{060057E7-22D1-A84E-B945312D358C798A}"
955,1885,,4,,"{BA60EEF9-8A74-D749-A8E7ACEC5D929637}"
955,1886,,4,,"{04FC4619-3480-B049-BDE8C219B439F302}"
956,1941,,4,,"{D045F25E-F965-574A-9EFFF692D7A76B44}"
956,1943,,4,,"{F0A4D646-063B-DF4E-AF87D1876B7C595A}"
956,1944,,4,,"{B4AFED54-EC33-364C-AA1A705C3BA639B4}"
956,1946,,4,,"{76B4A52D-5949-2445-81EFC611D77D7A9B}"
956,2052,,4,,"{48A458F4-D025-EE4A-86EC3DE2A9FFB93E}"
956,2053,,4,,"{DCF270F9-E664-6840-9568AA8CD82CD10A}"
957,1902,,4,,"{FD0BC08C-0CA0-8C47-A852B17846EB6384}"
957,1904,,4,,"{8FE8DE52-9E5B-8D4E-A7ECFC4DE9FDC47E}"
957,1907,,4,,"{CD189339-E523-FC42-BFECA4A79D3E1DC9}"
957,1910,,4,,"{349E2EBE-6AF0-B84E-89A4720C0BA7AA88}"
957,1913,,4,,"{80D8D01C-D82D-C241-AEF5DD1B66878D20}"
957,1916,,4,,"{44A503BA-A017-3848-BDAB576831FF079C}"
957,1917,,4,,"{BD57ECF2-3285-C34B-AFEBD30C0F11C2A8}"
957,1918,,4,,"{0B9C5496-6B0C-784B-9EA1CD68C87DFDF9}"
957,1919,,4,,"{9F15756B-B929-1341-9A14880E16F484D4}"
957,1920,,4,,"{394E47E2-E6C3-174B-9618A16EA70327E1}"
957,1921,,4,,"{6FC8C0B7-02CE-E444-A3D039ECB94E4A5A}"
957,1922,,4,,"{910E83D2-9470-0F49-93BD3A77242F0442}"
957,1923,,4,,"{4A3FCB58-00AA-344E-87787EB1277B809F}"
957,1924,,4,,"{42EE5D14-3A1F-B347-98739097542B95A9}"
957,2049,,4,,"{1D383654-5349-7B42-926C739843FDC5A1}"
958,1889,,5,,"{1D9B9FD8-8232-EE41-875B577C16FAE190}"
958,1938,,4,,"{63622D22-87E2-A14F-8FBB843012ED226C}"
958,1939,,4,,"{9AB43160-DC1C-8C47-B1C9A06CA396847F}"
958,1940,,4,,"{4FA79AB7-A2C9-B04C-BE9FD364A9DFA5F5}"
958,1945,,4,,"{CD302857-E782-5646-B21451859E55AE01}"
958,1949,,4,,"{20047765-4E92-4F4A-A75B505F9FC56D85}"
958,1952,,4,,"{7C274933-C4A3-6642-B50DE6A351AF5A6E}"
958,1953,,4,,"{C7B5E603-8B88-BA46-BFC4785B6058CA8E}"
958,1954,,4,,"{A60CA754-DF23-9041-9C227B5B2D79394A}"
958,1955,,4,,"{3339DEA2-5E70-6F43-896942748CAB1B27}"
958,1956,,4,,"{048BC001-BC94-B74A-9F59FFC391EDABA1}"
958,1957,,4,,"{CC3E1118-9C94-A343-A37E08656C51841B}"
958,1960,,4,,"{A5D6BCE1-D33D-4A4C-8831C9955D3A14EE}"
958,1961,,4,,"{86C8E8F4-6DBD-874F-B43567F6635305B4}"
958,1962,,4,,"{ED8A5312-E9CA-184C-A3635FAD24FBA14D}"
958,1963,,4,,"{1EFC8C30-2BDF-3D41-A76442D70468F7B2}"
958,1964,,4,,"{EA323796-3D0E-FD49-97221242F56FF3EC}"
958,1986,,4,,"{68BA9CC0-0A24-1447-96F1CDB3FC7D5C0A}"
958,1987,,4,,"{F6116A09-EE8C-8344-9A936203E57F392C}"
958,1988,,4,,"{D2EEA511-BC04-B64A-9D60B81CAEE2C2D6}"
958,1989,,4,,"{7D679A7F-00AB-534E-9D87BF4963078A57}"
958,1990,,4,,"{D4552459-A2F8-274A-BEA11365B1A124C2}"
958,1991,,4,,"{BA3520BE-FB53-4343-9650B5370DF3CF98}"
958,1998,,4,,"{100EC5B4-C7DC-CF49-A5A42337B0002C3C}"
958,1999,,4,,"{48BFC5C9-8772-2144-B312DC02EE867C7E}"
958,2002,,4,,"{F20009E5-DEBE-8842-BD252B4550FDC779}"
958,2003,,4,,"{3275485D-79C1-0D46-B4550CB73C824FEE}"
958,2004,,4,,"{248CACC0-EC0F-5D4F-B88675CA4B7A1955}"
958,2005,,4,,"{7FBF7101-9C70-8844-96D90C7F122ACAA2}"
958,2009,,4,,"{3DD319EB-7528-E044-87C4E8CCD19D0190}"
958,2033,,4,,
959,1889,,4,5,"{40E6E0E9-C513-F54E-BBA84B5302C1B2A3}"
959,1891,,4,5,"{965C4439-40B6-BE40-AE9B8E7550B7D8F2}"
960,1890,,4,,"{8188B88C-C2B4-D04A-88E44E1137C7C27C}"
960,1891,,5,,"{8F0AF947-C8D2-2149-98861D4E43638A07}"
961,1897,,4,5,"{F71C1CC8-ABA7-8B45-9257C2FC702A8406}"
961,1899,,4,,"{84DAC7AB-9AA0-BB44-96AE44712E7340D8}"
961,1900,,4,,"{BF3068E3-6DD7-0844-B69A22BA5FF30B8F}"
961,2163,,5,,"{1BD81DB9-C005-524A-BCD0F293E2D94EC3}"
962,1880,,4,,"{0CADDA05-612A-1B41-A961DDD4C27B4F5B}"
962,1881,,4,,"{16CAC54F-C009-FD45-97AA6E34C9208223}"
962,1882,,4,,"{79B7A5A3-8523-6747-9EB2CFD24E0A3ABE}"
963,1901,,4,,"{CFB73F15-449D-E34A-BE060F2B5DF1FC00}"
963,1930,,4,,"{DFC9B512-7690-F14D-871F09F12F19B3AC}"
963,1932,,4,,"{AD889353-A213-BC48-BE77DED5E0577036}"
963,1933,,4,,"{A766D633-47C7-DF42-8BC6408D40ACADC2}"
963,2025,,4,,"{54F195B3-03AC-3344-9E9F0655EC1C49D5}"
964,1948,,4,,"{270ADF50-ACC4-FD43-8034BDAE06544919}"
964,2022,,4,,"{F1B22B42-5160-FA4E-80A870411A5EE3A2}"
965,2032,,4,,"{F686AEF2-3CD4-C649-9BD226400B91FC46}"
967,2062,,5,,"{6148136F-2964-704F-803BA28CBDFC26AD}"
967,2075,,5,,"{7A46B149-BC82-FD48-A5272A74E19C1525}"
968,1802,,5,,"{1A35063A-7C11-924E-84B23321039CFF49}"
968,1803,,5,,"{823A8A92-69E5-F846-939D341CC95DEF36}"
968,2116,,5,,"{CBA807D9-7EA2-5445-9CED56846E69787B}"
968,2117,,5,,"{CEFE6C86-BDC8-2948-B32979DC5EDA220F}"
968,2143,,5,,"{68CB95EA-2DC1-3E4F-958911CD12C2973C}"
969,428,,5,,"{26AAD32C-5B18-6E45-A58C5ABA6409CF72}"
969,441,,5,,"{B9C85F81-9204-4E4E-A967A9A160346756}"
969,442,,5,,"{8D594758-5C4F-B846-B5999B1E0EDDB842}"
970,452,,5,,"{50ED819C-8769-4546-906658317CC80C90}"
970,454,,5,,"{4631A870-A8B0-5D4C-94C908FC4549056A}"
970,455,,5,,"{14739656-893A-344B-AE3EAE373DD0FA41}"
970,456,,5,,"{9D33B28B-3207-C446-83EBED355E89F628}"
970,457,,5,,"{15B4ABAC-3ABC-1543-BF01E434C9FFCFD9}"
970,2081,,5,,"{5232E14F-7B12-C84F-9310B0B10F825663}"
970,2083,,5,,"{902B9CAA-8F5F-EB42-A9175AB5A764CE06}"
970,2137,,5,,"{E7ACF9BD-46A1-8F4B-B4BB9BC95C15C893}"
971,459,,5,,"{20E93859-6E82-4847-BDC7EF6E01AA801E}"
971,460,,5,,"{D952907B-248C-8E42-BDBC34F88B84426B}"
971,461,,5,,"{0E74160C-ABD7-8244-A73D6AD75CB9F4F9}"
971,2119,,5,,"{1940CF8F-633D-6F4E-B493681494A87153}"
971,2121,,5,,"{FE8809B1-C19A-2C45-924CDF297A7B406B}"
971,2122,,5,,"{4F1EA130-97A3-E64A-884E7314429D5183}"
971,2124,,5,,"{562CB692-AB23-7747-83A1861F25FD5530}"
971,2125,,5,,"{4F8D3B4A-1142-EC41-860EA31859CA96C2}"
971,2126,,5,,"{0702A528-F078-7047-8630650599CA3F0C}"
971,2131,,5,,"{0BCE2052-37A0-2149-8868A8CBBEE60A8B}"
971,2132,,5,,"{33453504-892B-564A-AB8DDAD620117140}"
971,2134,,5,,"{0C16FABB-6EB1-0D4B-BD581DB533BA0A77}"
972,2094,,5,,"{395D5F5F-99E7-F74B-ACD47A387BBB38F4}"
972,2095,,5,,"{DA74BA69-F7E3-3243-96E91E487C2388CC}"
972,2097,,5,,"{A2DB94A5-71DD-AD49-A1D04706A67C7EA7}"
972,2098,,5,,"{2E0947D1-6D49-3F4E-B8F041BDD39CF33E}"
972,2099,,5,,"{FFD13118-1E2B-AF48-AFF2CF8900C09312}"
973,2069,,5,,"{1229F080-A82E-BA4F-8B358C4B3579B002}"
973,2070,,5,,"{70319E86-25C6-2244-975E8590D42B3DD5}"
973,2071,,5,,"{3E7B4D9B-1509-5F48-A7C018E19F097D8C}"
973,2100,,5,,"{50F3A9DA-B184-F945-8E868C95AA3AA196}"
974,2107,,5,,"{6F79C11F-E6A7-DF45-AE6102676BD36EF5}"
974,2108,,5,,"{95106E3A-9F23-9349-B80058BB9AF4BCB1}"
974,2109,,5,,"{987F4EC6-C226-3744-BA3D8CCDB805F314}"
974,2110,,5,,"{07C90FBE-E82F-7C4B-8FF4F2F176AB616D}"
974,2111,,5,,"{AC63513C-8A2A-C745-856282F79346F1D0}"
974,2112,,5,,"{D3313B6C-6BC5-6A45-A5BBDBFA38E6E7C8}"
974,2115,,5,,"{DE6A1F7A-3FFD-4241-83F49E01FA02DA86}"
975,2142,,5,,"{F78F3534-A32F-8946-9D844C13D29DEF8A}"
975,2149,,5,,"{CA30EB7F-7ABE-0547-835168406B4611F1}"
975,2150,,5,,"{A391F14C-14F3-D346-87F2455B8A4C99A6}"
975,2151,,5,,"{108A55CC-7FBC-504E-B52DA5A6BB221897}"
975,2152,,5,,"{E9067FCC-5A69-F449-B711607FF71000A4}"
975,2153,,5,,"{EEF052CA-A368-4A4E-803D08C5EF28118F}"
975,2154,,5,,"{C100D27D-CF49-D442-9A1717E46DB54BC1}"
975,2155,,5,,"{F7D00D70-0D43-AA4F-B9E26182EB535158}"
975,2156,,5,,"{0D8D4A72-C1B9-CE4D-A067863A48340A0A}"
975,2158,,5,,"{2D3D86C6-4F21-3549-8395801AB63D9E82}"
975,2159,,5,,"{9A49A63B-F19F-B94E-90480A384C90A369}"
975,2160,,5,,"{E838D4A3-2E26-D84E-B372C91F3408BDAE}"
975,2171,,1010000003,,"{AB40B0E4-C45F-9A43-9220AE88E45A94CC}"
975,2178,,1010000003,,"{946E5DA8-A45A-7F41-BB56104A85488A6B}"
975,2182,,1010000003,,"{24F521D6-4160-F948-BEC3F6DC2AAF356D}"
976,792,,5,,"{9709DEEA-8DE5-3547-84F8C190C23A1DCF}"
976,793,,5,,"{5B39178A-C0DC-004B-A847013299104486}"
976,794,,5,,"{A5EFA90C-5D9F-2847-A8C73C261C085E9A}"
977,790,,5,,"{F5FB9396-86A0-B743-BAB7A530AB9C8F6A}"
977,791,,5,,"{89F9D2C7-A4B8-7F40-9F7AD25C22D14289}"
977,795,,5,,"{ADAC0FF5-B152-0142-82F63B94F2F796EE}"
977,799,,5,,"{DE669C96-B4DB-434A-A6DF9B00F5E82B67}"
978,796,,5,,"{EFFE28AA-9735-BF4F-A37151650855B5F3}"
978,797,,5,,"{26D2ACB7-69CE-BB41-8DE02737AC529F92}"
